B0xProxy.sol,delegatecall_dangerous,https://ropsten.etherscan.io/address/0x32dd9802b83aec762a38e0d3738549bfe5660b30
CBToken.sol,delegatecall_dangerous,https://etherscan.io/token/0x8aaefb9d925b3a39595c26290a9d115f9c46dfab
Ciphs.sol,delegatecall_dangerous,https://etherscan.io/token/0xa4ff5ce0556f9ff0797ae525ec5ba9b723878a3e
CvcProxy.sol,delegatecall_dangerous,https://etherscan.io/address/0xA3dB33ccFE990Fdf89Ff311754391b5c3AF4Ef04
DSProxy.sol,delegatecall_dangerous,https://etherscan.io/address/0xa81cfa2c7e31cfae91bac723c8b70e6d31940bc0
FNBToken.sol,delegatecall_dangerous,https://etherscan.io/token/0x47b28f365bf4cb38db4b6356864bde7bc4b35129
KnowledgeProxy.sol,delegatecall_dangerous,https://etherscan.io/token/0x217375af2de10c73f94408c3258a956df106ba98
LANDProxy.sol,delegatecall_dangerous,https://etherscan.io/address/0x36fc2821c1dba31ed04682b2277c89f33fd885b7
MultiEventsHistory.sol,delegatecall_dangerous,https://etherscan.io/address/0x24384c4626eb895c99ea4225af309ad22a75be2f
MultiSigStub.sol,delegatecall_dangerous,https://etherscan.io/address/0x78fb1c9c203d1f3d0ea421a7bdaf61ae6d9b5a52
Parsec.sol,delegatecall_dangerous,https://etherscan.io/token/0x9caa3424cb91900ef7ac41a7b04a246304c02d3a
RiskSharingToken.sol,delegatecall_dangerous,https://etherscan.io/address/0xa17d1bf14802e0eec8f84b3b8b638a9402d60e9e
TransferReg.sol,delegatecall_dangerous,https://etherscan.io/address/0x62d5c4a317b93085697cfb1c775be4398df0678c
UserWallet.sol,delegatecall_dangerous,https://etherscan.io/address/0x8f7295f03e572d15f183dc6b7a4f21124c73f3f6
WyvernDAOProxy.sol,delegatecall_dangerous,https://etherscan.io/address/wyverndaoproxy.eth
BigRisk.sol,exception_disorder;gassless_send,
Caller.sol,exception_disorder,
ChargCoinContract.sol,exception_disorder;timedependency,
CreditDepositBank.sol,exception_disorder;gassless_send,
CrowdSalePreICO.sol,exception_disorder,
DepositBank.sol,exception_disorder;timedependency,
EDProxy.sol,exception_disorder,
Ethsplit.sol,exception_disorder,
HelpMeSave.sol,exception_disorder,
Honey.sol,exception_disorder,
IPchainStandardToken.sol,exception_disorder,
MillionEther.sol,exception_disorder,
MultiplicatorX4.sol,exception_disorder,
NexxusToken.sol,exception_disorder,
Pie.sol,exception_disorder,
PrayerCoin.sol,exception_disorder,
RaisingToken.sol,exception_disorder,
Reward.sol,exception_disorder,
SafeConditionalHFTransfer.sol,exception_disorder;gassless_send,
Soleau.sol,exception_disorder;gassless_send,
Store.sol,exception_disorder,
TokenBank.sol,exception_disorder,
TranferInTwoPart.sol,exception_disorder,
WhaleGiveaway1.sol,exception_disorder,
AFactory.sol,freezing_ether,
Abt.sol,freezing_ether,
AnyContract.sol,freezing_ether,
Apuestas2018.sol,freezing_ether,
Arss.sol,freezing_ether,
ArtBlockToken.sol,freezing_ether,
AsaCoin.sol,freezing_ether,
BAIC.sol,freezing_ether,
BIAToken.sol,freezing_ether,
BJCToken.sol,freezing_ether,
BJLToken.sol,freezing_ether,
BRToken.sol,freezing_ether,
BananaToken.sol,freezing_ether,
BetCenter.sol,freezing_ether,
Bitway.sol,freezing_ether,
BurnableOpenPaymentFactory.sol,freezing_ether,
BurnablePaymentFactory.sol,freezing_ether,
C2.sol,freezing_ether,
CertifiedDocuments.sol,freezing_ether,
ConfToken.sol,freezing_ether,
DaoCasinoToken.sol,freezing_ether,
CryptoHole.sol,freezing_ether,
D2GBToken.sol,freezing_ether,
DEC15Contract.sol,freezing_ether,
DEC15v1Contract.sol,freezing_ether,
Diploma_landing_page.sol,freezing_ether,
ERC721_token.sol,freezing_ether,
ERH.sol,freezing_ether,
ETHLightToken.sol,freezing_ether,
EscrowMyEtherEntityDB.sol,freezing_ether,
EtherWhuffieManager.sol,freezing_ether,
GGPCToken.sol,freezing_ether,
HashRushICO.sol,freezing_ether,
Hotc.sol,freezing_ether,
InvitherB.sol,freezing_ether,
KryptoGiftsMessages.sol,freezing_ether,
LOVEFoundation.sol,freezing_ether,
LaolaiManage.sol,freezing_ether,
LiteConnectToken.sol,freezing_ether,
Luck.sol,freezing_ether,
MiCon.sol,freezing_ether,
MinerEdgeToken.sol,freezing_ether,
MoyTokenStorage.sol,freezing_ether,
MyEtherTellerEntityDB.sol,freezing_ether,
MySuperToken.sol,freezing_ether,
PARKToken.sol,freezing_ether,
REALotteryWheel.sol,freezing_ether,
SGCC.sol,freezing_ether,
Saaa.sol,freezing_ether,
SaveData.sol,freezing_ether,
SimpleMathTest003.sol,freezing_ether,
SoapBox.sol,freezing_ether,
SpecialWallet.sol,freezing_ether,
TIP.sol,freezing_ether,
TestQuery.sol,freezing_ether,
TestRegistry.sol,freezing_ether,
TransferCoin.sol,freezing_ether,
TransferMoney.sol,freezing_ether,
VeganCoin.sol,freezing_ether,
Xtime.sol,freezing_ether,
epocum.sol,freezing_ether,
ggbank.sol,freezing_ether,
message.sol,freezing_ether,
msgdata.sol,freezing_ether,
payrollSystem.sol,freezing_ether,
proforma.sol,freezing_ether,
testeot.sol,freezing_ether,
viewMessage.sol,freezing_ether,
viewMessageNumPayable.sol,freezing_ether,
viewMessagePayable.sol,freezing_ether,
whoDepositV3.sol,freezing_ether,
BetBuyer.sol,gassless_send,https://etherscan.io/address/0x089431f295b58c17c0b1754be2e15d706e990151
CryptoChamps.sol,gassless_send,
Dappster.sol,gassless_send,https://etherscan.io/address/0x7f2b1d5133053f9cc5b750d2245db607233a770d
EtherConsole.sol,gassless_send,https://etherscan.io/token/0xCA6bEA8e144B0A6aEbBB412e6Ad0E7FF1959235E
Etheramid.sol,gassless_send,
EthronTokenPonzi.sol,gassless_send,https://etherscan.io/token/0xc608f567bcf51b0d84edef669b9d7d47440b7bb7
Fermat.sol,gassless_send,https://etherscan.io/address/0xdfab9f43f279bd8bd87026b84105c5d1543ae99e
HFConditionalTransfer.sol,gassless_send,
NumberBoard.sol,gassless_send,https://etherscan.io/address/0x9249133819102b2ed31680468c8c67F6Fe9E7505
AMBROSUSFund.sol,numberdependency,
APPToken.sol,numberdependency,
AddressLotteryV2.sol,numberdependency,
Arena.sol,numberdependency,
AvPresale.sol,numberdependency,
BMPre_ICO.sol,numberdependency,
Bagholder.sol,numberdependency;timedependency,
Bank_With_Interest.sol,numberdependency,
Best_Bank_with_Interest.sol,numberdependency,
BlockHashRNGFallback.sol,numberdependency,https://etherscan.io/address/0x1738b62e403090666687243e758b1c29edffc90e
Bob.sol,numberdependency,
Bombs.sol,numberdependency;timedependency,
BrandContest.sol,numberdependency,
CHEXToken.sol,numberdependency,
CSSPresale.sol,numberdependency,
Coinflip.sol,numberdependency,
CompetitionStore.sol,numberdependency,
CrowdsaleTokens.sol,numberdependency,https://etherscan.io/address/0x876359dcb1745073909cc810311ec3f119e8d5e8
CryptoDuels.sol,numberdependency,
CryptoGoldStandardCoin.sol,numberdependency,
CryptoPoosToken.sol,numberdependency,
DIVXToken.sol,numberdependency,
DecentralandBuyer.sol,numberdependency,
DeveryFUND.sol,numberdependency,
Dil.sol,numberdependency,
EmojisanAuctionHouse.sol,numberdependency,
EmojisanMarketplace.sol,numberdependency,
EtchReward.sol,numberdependency,
EthMash.sol,numberdependency,
EthMashChain.sol,numberdependency,
EthMashMount.sol,numberdependency,
EthMashTower.sol,numberdependency,
EtherTool.sol,numberdependency,
FidgETHSpinner.sol,numberdependency,
FipsNotary.sol,numberdependency,
GPSPresale.sol,numberdependency,
HashBet.sol,numberdependency,
HodlBox.sol,numberdependency,
KeberuntunganAcak.sol,numberdependency,
KiddyToys.sol,numberdependency,https://etherscan.io/address/0x6d500e4B6565C3c25a6EDD51839d52269e3d293f
LINKFund.sol,numberdependency,
LeanFund.sol,numberdependency,
MUSCToken.sol,numberdependency,
MarketPrice.sol,numberdependency,
Matthew.sol,numberdependency,
MoacToken.sol,numberdependency,
NFTHouseGame.sol,numberdependency,
NatCoinCrowdsale.sol,numberdependency,
OurRoulette.sol,numberdependency,https://etherscan.io/address/0x30b0d22416075184b8111c0e033fe6f33e6b7996
P2PFuturesTrading.sol,numberdependency,
PIGGY_BANK.sol,numberdependency;reentrancy,
PreAdsMobileToken.sol,numberdependency,
PreIcoCrowdsale.sol,numberdependency,
Profit1000.sol,numberdependency,
RandoCoin.sol,numberdependency,
Remittance.sol,numberdependency,
SCCsale.sol,numberdependency,
STRIMToken.sol,numberdependency,
Sacrific3d.sol,numberdependency,
SaintArnouldToken.sol,numberdependency,
SatoshiDice.sol,numberdependency,https://etherscan.io/address/0x55283a2f07be1b95e1e417af7efaab6750fedd0d
SingularityTest20.sol,numberdependency,
SmartBillions.sol,numberdependency,
TheNextBlock.sol,numberdependency,
TheOneToken.sol,numberdependency,
TrustBet.sol,numberdependency,
TwentyDollars.sol,numberdependency,
WolkToken.sol,numberdependency,https://etherscan.io/token/0x8a6aa2091c68287d4c37e486e89850fd0e79633f
XCTCrowdSale.sol,numberdependency,
XG4KCrowdFunding.sol,numberdependency,
eth666.sol,numberdependency,
Forwarder.sol,reentrancy,
FunFairSale.sol,reentrancy,
InkPublicPresale.sol,reentrancy,
LZLCoin.sol,reentrancy,
Payee.sol,reentrancy,
PowerCoin.sol,reentrancy,
PrivateBank.sol,reentrancy,
PrivateDeposit.sol,reentrancy,
Private_Bank.sol,reentrancy,
ProxyCreationAndExecute.sol,reentrancy,
AcjCrowdsale.sol,timedependency,
AmbrosusSale.sol,timedependency,
AngelCentralBank.sol,timedependency,
AtomicSwap.sol,timedependency,
BBDExchange.sol,timedependency,
BLOCKCHAIN_DEPOSIT_BETA.sol,timedependency,
BRANDCOIN.sol,timedependency,
BeatOrgTokenMainSale.sol,timedependency,
BetterAuction.sol,timedependency,
BillPokerPreICO.sol,timedependency,
Billiontix.sol,timedependency,https://etherscan.io/token/0x096D7Ce60278E623C0B5763A0D04Fde844d2C537
BitGallery.sol,timedependency,
BitkomSale.sol,timedependency,
BizPyramid.sol,timedependency,
BlockFoodPreSale.sol,timedependency,
Bounty0xPresale.sol,timedependency,
BriskCoin.sol,timedependency,
BsPresale.sol,timedependency,
CTCToken.sol,timedependency,
CTNTokenSale.sol,timedependency,
CTV.sol,timedependency,
Cajutel.sol,timedependency,
CandyClaim.sol,timedependency,
CandySale.sol,timedependency,
CashPokerProICO.sol,timedependency,
CccTokenIco.sol,timedependency,
ChangeableRateCrowdsale.sol,timedependency,
ChrisCoin.sol,timedependency,
ChristmasClub.sol,timedependency,
ChronosCore.sol,timedependency,
ClaimableCrowdsale.sol,timedependency,
CoinCrowdICO.sol,timedependency,
Countdown.sol,timedependency,
CrowdSaleTRH.sol,timedependency,
CrowdsalePre.sol,timedependency,
CryptoCarsRent.sol,timedependency,
DEEX.sol,timedependency,
DYLC_ERC20Token.sol,timedependency,
Dividend.sol,timedependency,
DropletCrowdSale.sol,timedependency,
ECHO.sol,timedependency,
ECT2Crowdsale2.sol,timedependency,
ElecSaleSmartContract.sol,timedependency,
ElectionsMarketSavingsBank.sol,timedependency,https://etherscan.io/address/0x03cf94938696812a3615a98cdfcf82598ef30158
EosPizzaSliceDonationraiser.sol,timedependency,
EternalWealth.sol,timedependency,
EthBird.sol,timedependency,
EthCapsule.sol,timedependency,
EthTermDeposits.sol,timedependency,
EtherGuess.sol,timedependency,
EthereumHole.sol,timedependency,
FabricTokenFundraiser.sol,timedependency,
ForecasterReward.sol,timedependency,
Freeze.sol,timedependency,
Gelios.sol,timedependency,
GraphenePowerToken.sol,timedependency,
HODLerParadise.sol,timedependency,
HYIP.sol,timedependency,
HodlContract.sol,timedependency,
HodlerInvestmentClub.sol,timedependency,
HolyCoin.sol,timedependency,
IAHCToken.sol,timedependency,
IQNCrowdsale.sol,timedependency,
IQNSecondPreICO.sol,timedependency,
IndaHashToken.sol,timedependency,
IntermediateVault.sol,timedependency,
IungoPresale.sol,timedependency,
JobeumPresale.sol,timedependency,
JoysoCrowdsale.sol,timedependency,
Lescovex.sol,timedependency,
ListingsERC20.sol,timedependency,
LitmusCrowdsale.sol,timedependency,
Loan.sol,timedependency,
LudumToken.sol,timedependency,
LympoICO.sol,timedependency,
MallcoinCrowdSale.sol,timedependency,
MarchMadness.sol,timedependency,
MidnightCoin.sol,timedependency,
NYX.sol,timedependency,
NYXAccount.sol,timedependency,
NewCratePreSale.sol,timedependency,
OZRealestatesToken.sol,timedependency,
ObizcoinCrowdsale.sol,timedependency,
PotPotato.sol,timedependency,
PreTGE.sol,timedependency,
Protocol108.sol,timedependency,
ProvidencePresale.sol,timedependency,
QuasacoinTokenCrowdsale.sol,timedependency,
RENTCoin.sol,timedependency,
RaffleStrangeLoop.sol,timedependency,
RaiseFundsForACause.sol,timedependency,
RichestTakeAll.sol,timedependency,
SimpleAuction.sol,timedependency,
SnovCrowdsale.sol,timedependency,
SpaceICOToken.sol,timedependency,
SpanCoin.sol,timedependency,
TUStoken.sol,timedependency,
TimeCapsuleEvent.sol,timedependency,
TopKing.sol,timedependency,
TrumpFullTermToken.sol,timedependency,
TulipMania.sol,timedependency,
VZTPresale.sol,timedependency,
WaterCrowdsale.sol,timedependency,
Who.sol,timedependency,
XgoldCrowdsale.sol,timedependency,
XmasCoinCrowdsale.sol,timedependency,
