0x953e22945b416730bad05009af05b420e598e412.sol,GXCToken,,
0x5eb87caa0105a63aa87a36c7bd2573bd13e84fae.sol,BQT,,
0x798f509bade66b9f20980abb0dcc024ca7afc530.sol,ZenAD,,
0x1dea979ae76f26071870f824088da78979eb91c8.sol,SpindleToken,,
0x4c29d75cc423e8adaa3839892feb66977e295829.sol,POOH,,
0x123ab195dd38b1b40510d467a6a359b201af056f.sol,Legolas,,
0xa5409ec958c83c3f309868babaca7c86dcb077c1.sol,WyvernProxyRegistry,,
0xec6c861c2a2b1e5ff5336731bc80c29dbff88273.sol,ElacToken,,
0xfe4455fd433ed3ca025ec7c43cb8686ed89826cd.sol,MziGold,,
0x0835ecd15ddf08d4786304d71b4672dc5c40f011.sol,PlusCoin,,
0x3afa1902b1f8a802abc18e5ad982d1bcd34afe22.sol,GSToken,,
0xf18432ef894ef4b2a5726f933718f5a8cf9ff831.sol,bioCryptToken,,
0xabefec93451a2cd5d864ff7b0b1604dfc60e9688.sol,BlueChipMain,,
0x5aef06ec39e98c05201ee1e54b653c372ecb9cf3.sol,FALCON,,
0xffe04344f48e7ca2ee5e25bf557ac88b1b769cb3.sol,STEToken,,
0x9a9bb9b4b11bf8eccff84b58a6ccccd4058a7f0d.sol,BitcoinCard,,
0x767588059265d2a243445dd3f23db37b96018dd5.sol,PrimebankCoin,,
0xa8daa52ded91f7c82b4bb02b4b87c6a841db1fd5.sol,Biograffi,,
0xc88be04c809856b75e3dfe19eb4dcf0a3b15317a.sol,BankcoinCash,,
0x9af4f26941677c706cfecf6d3379ff01bb85d5ab.sol,DRTCoin,,
0xe30a76ec9168639f09061e602924ae601d341066.sol,NewIntelTechMedia,,
0xfc79774fb9dedeea2325d0d5570554eddc4e6747.sol,VotePumpCoin0x,,
0x781fb4f25d07de3f3cfe2476645e52e0c661eefc.sol,CryptoCurrencyNetwork,,
0x539efe69bcdd21a83efd9122571a64cc25e0282b.sol,BLUECoin,,
0xe7d3e4413e29ae35b0893140f4500965c74365e5.sol,B2BCoinContract,,
0x54f0e3b0d7ccbb65e56d166350aa86f7e71ce20b.sol,Veen,,
0xe2d82dc7da0e6f882e96846451f4fabcc8f90528.sol,JesusCoin,,
0x9f103cd6fb907928351353e6f339c3fdcd5ee05c.sol,TrilliamToken,,
0x14ddda446688b73161aa1382f4e4343353af6fc8.sol,FXPay,,
0xa5b46ff9a887180c8fb2d97146398ddfc5fef1cd.sol,SuperSkyNet,,
0x1d41e18e8ed1ef148547ceade01912e638f464b8.sol,Casper,,
0xf1def7f0e620f39531eb352fe13da6825218e7df.sol,BITDINERO,,
0x4d3ddfee61326469a1b353920a313f226ea84314.sol,Aracle,,
0x1d462811562cc3675375a6d00c1618a370c27836.sol,TheLibertyCoin,,
0x8a88f04e0c905054d2f33b26bb3a46d7091a039a.sol,IG,,
0x74fd51a98a4a1ecbef8cc43be801cce630e260bd.sol,SiaCashCoin,,
0x0cfda67b0067f1a99deb1cb80e0273a3f26d317c.sol,TrekChain,,
0xbd65f6f9f9f87af2a677709e132debc3f242671d.sol,SchrodingerEquationNet,,
0x7b09fb91ed7015b99db9e9ac10a2dd38ac0c85e1.sol,GiftToken,,
0xaf2dc9d375d3de6535d8c8aa2096371b8d5df8fd.sol,Mintloot,,
0x09678741bd50c3e74301f38fbd0136307099ae5d.sol,LocalEthereumEscrows,,
0x365542df3c8c9d096c5f0de24a0d8cf33c19c8fd.sol,HSN,,
0x41cd7bbab5758b3b675281f3ead24e666f2b1f0e.sol,DailyDivs,,
0xee4458e052b533b1aabd493b5f8c4d85d7b263dc.sol,Pass1,,
0x464ebe77c293e473b48cfe96ddcf88fcf7bfdac0.sol,KryllToken,,
0xff1f9c77a0f1fd8f48cfeee58b714ca03420ddac.sol,E4RowEscrow,,
0xb70835d7822ebb9426b56543e391846c107bd32c.sol,GameICO,,
0x7c84e62859d0715eb77d1b1c4154ecd6abb21bec.sol,ShpingCoin,,
0x01f2acf2914860331c1cb1a9acecda7475e06af8.sol,MESH,,
0x5b135d7e2774c801a73208f258123d7623e07784.sol,SaifuToken,,
0xb47e3cd837ddf8e4c57f05d70ab865de6e193bbb.sol,CryptoPunksMarket,,
0x6851a80b7655e36e1f04e383b5946dafe9c63ab2.sol,LotteryFactory,,
0x0f00f1696218eaefa2d2330df3d6d1f94813b38f.sol,SedoPoWToken,,
0x57c8d5d5b87a1580fdaf996cef674bb0d7f14c98.sol,OdinToken,,
0x358d12436080a01a16f711014610f8a4c2c2d233.sol,PundiXToken,,
0x9d9832d1beb29cc949d75d61415fd00279f84dc2.sol,DNNToken,,
0xc5903fe72a9530e4382187f729ccc050d7e89fae.sol,Tablow,,
0xa38fcedd23de2191dc27f9a0240ac170be0a14fe.sol,CaelumMiner,,
0x25caf15e1cc43e7bfa9853a68de463bfb0d27021.sol,NaturalEcoCoin,,
0xbf3f09e4eba5f7805e5fac0ee09fd6ee8eebe4cb.sol,BGXToken,,
0x8faf0be1465b9be70ee73d9123b2a1fdd9f2aae4.sol,EthereumLiteCash,,
0xdf2c7238198ad8b389666574f2d8bc411a4b7428.sol,MainframeToken,,
0xb2089a7069861c8d90c8da3aacab8e9188c0c531.sol,Green,,
0x53148bb4551707edf51a1e8d7a93698d18931225.sol,Peculium,,
0x3930e4ddb4d24ef2f4cb54c1f009a3694b708428.sol,GameFanz,,
0x5581c0bc21a762e43d148b06d310f088b6cf97b3.sol,SE,,
0x36d10c6800d569bb8c4fe284a05ffe3b752f972c.sol,WeShowToken,,
0x006bea43baa3f7a6f765f14f10a1a1b08334ef45.sol,StoxSmartToken,,
0xf8e386eda857484f5a12e4b5daa9984e06e73705.sol,IndorseToken,,
0x96a65609a7b84e8842732deb08f56c3e21ac6f8a.sol,CentraToken,,
0x115ec79f1de567ec68b7ae7eda501b406626478e.sol,CarryToken,,
0x7b02c6118baefe500058cfc07d708fb404ef5bc6.sol,TryminexToken,,
0x3f5fa71ea48ae374faae502afa2e27715484c3b7.sol,ethairdrop,,
0x65292eeadf1426cd2df1c4793a3d7519f253913b.sol,COSSToken,,
0x642f4be6da9d9daa9076f8d161b15a166e966069.sol,JACToken,,
0xd37532d304214d588aeeac4c365e8f1d72e2304a.sol,FCoinToken,,
0xe530441f4f73bdb6dc2fa5af7c3fc5fd551ec838.sol,GSENetwork,,
0xf9918ce795c6cdea4875a906512bbc15a7d61abd.sol,WGP,,
0xffe8196bc259e8dedc544d935786aa4709ec3e64.sol,Hedge,,
0x90335e6f8cf5b4b3cc28217b6b2ece290439e492.sol,DragonCoin,,
0x04de23e912cec433eabf3260ecc71cfd1f9d328f.sol,BITCOINIMPROVE,,
0x7cbc8ee27ffdba230dd316160ea01d565f17aacb.sol,ARISTO,,
0x814f67fa286f7572b041d041b1d99b432c9155ee.sol,Dragon,,
0x6ba6f2207e343923ba692e5cae646fb0f566db8d.sol,CryptoPunks,,
0xafb559485401f81fcab7af7f5b5f6dd3b962c63f.sol,LUMAXCOIN,,
0x61245b6a6678f3158a37ab2c5e52369b9f452318.sol,LightOracle,,
0xcc7d26d8ea6281bb363c8448515f2c61f7bc19f0.sol,ABBCCashToken,,
0x8716fc5da009d3a208f0178b637a50f4ef42400f.sol,Ustock,,
0x9f949124e2a23492005a9bb937acb29bda2cab9e.sol,CmmeToken,,
0x66e2e867b93fbe69f84387427d08861285a9a65a.sol,Atp,,
0x3c4a3ffd813a107febd57b2f01bc344264d90fde.sol,EnergiToken,,
0xaaf37055188feee4869de63464937e683d61b2a1.sol,UChainToken,,
0x31f3d9d1bece0c033ff78fa6da60a6048f3e13c5.sol,EBCoinToken,,
0x007ac2f589eb9d4fe1cea9f46b5f4f52dab73dd4.sol,SKWToken,,
0x8b40761142b9aa6dc8964e61d0585995425c3d94.sol,TripioToken,,
0x7723737d529c2b42e4d218ad7e0a20354fbc7071.sol,ReturMTokenPublic,,
0xdf7d9630d5c43f2ece338843c019f050f72dcd79.sol,WeMediaChainToken,,
0xb0ca787f8cf38f077e8201b05378da230a8b462f.sol,CustomToken,,
0xf34839b310097fcb4cf3a302dda8cc9b57501083.sol,SACO,,
0xbc34985b4d345aea933d5cac19f3a86bd1fb398f.sol,ZJLTToken,,
0x44f588aeeb8c44471439d1270b3603c66a9262f1.sol,SnipCoin,,
0xaf8a215e81faea7c180ce22b72483525121813bd.sol,EGCCToken,,
0x1d18f44256a27862d886e27191d55ab4029172c1.sol,FAS,,
0x5102791ca02fc3595398400bfe0e33d7b6c82267.sol,LeadcoinSmartToken,,
0x4355fc160f74328f9b383df2ec589bb3dfd82ba0.sol,OpusToken,,
0x59335080522fa941bcbdb6e15a6f2ee5a455dc5a.sol,AdvanceToken,,
0x984c134a8809571993fd1573fb99f06dc61e216f.sol,ArtChainToken,,
0x86e6a4f512b1290c043970b04e0b570d4fc98291.sol,IntelliShare,,
0xc45ba8f03ac63e4505ac5eed4985fb4e5e94383a.sol,HyperTechnology,,
0xaa843f65872a25d6e9552ea0b360fb1d5e333124.sol,EcoValueCoin,,
0xd8f93d967fa21a0a826a3bd4601ada4bb468823d.sol,KPC8,,
0x3a1bda28adb5b0a812a7cf10a1950c920f79bcd3.sol,FlipToken,,
0x08d32b0da63e2c3bcf8019c9c5d849d7a9d791e6.sol,DentacoinToken,,
0x029606e5ec44cad1346d6a1273a53b971fa93ad6.sol,EMPRO,,
0xf2956001f8cf0ff7ec7742a32f2040c81c65d4f2.sol,GSTT,,
0xe25b0bba01dc5630312b6a21927e578061a13f55.sol,SHIPToken,,
0x5301eae39a4cba1cc2a74e861fded062ca3e3420.sol,Centaure,,
0x7c5a0ce9267ed19b22f8cae653f198e3e8daf098.sol,SAN,,
0x5d51fcced3114a8bb5e90cdd0f9d682bcbcc5393.sol,SmartToken,,
0xfc0555aca4a78be9668993b39739d1d2616c75b0.sol,PFAToken,,
0xe12128d653b62f08fbed56bdeb65db729b6691c3.sol,BreezeCoin,,
0xa146240bf2c04005a743032dc0d241ec0bb2ba2b.sol,POWM,,
0x3618516f45cd3c913f81f9987af41077932bc40d.sol,Peculium,,
0xbd73e675e1fa3d60a302c797df5c82e558da7ce1.sol,PantheonEcoSystem,,
0xd2d0f85b690604c245f61513bf4679b24ed64c35.sol,BFDToken,,
0xb354bb7b7f9e528ccec735f5289ae0c09fe4e32e.sol,Recycle,,
0x8c15ef5b4b21951d50e53e4fbda8298ffad25057.sol,FunctionXToken,,
0x167cb3f2446f829eb327344b66e271d1a7efec9a.sol,GandhiJi,,
0x0dba7ca3d25f8c2f46d9b06ba7b1b3144e206f38.sol,BFTToken,,
0x52928c95c4c7e934e0efcfab08853a0e4558861d.sol,HaraToken,,
0x588047365df5ba589f923604aac23d673555c623.sol,NaviToken,,
0xfa55951f84bfbe2e6f95aa74b58cc7047f9f0644.sol,UST,,
0x9f0f1be08591ab7d990faf910b38ed5d60e4d5bf.sol,MainCoin,,
0xb1ed41dc1fe9b723a31137afdd1201d17917fe91.sol,AlttexToken,,
0xe7d7b37e72510309db27c460378f957b1b04bd5d.sol,EMPR,,
0x20f7a3ddf244dc9299975b4da1c39f8d5d75f05a.sol,SapienToken,,
0x399934a1b63154c825e518c68b7da2147d6cb0c9.sol,SmartSocialProtocol,,
0x568f9f32969e29b5ce1a4545be5398e8cc7c4401.sol,Fivebalance,,
0x4c0fbe1bb46612915e7967d2c3213cd4d87257ad.sol,ApisToken,,
0x77599d2c6db170224243e255e6669280f11f1473.sol,Opacity,,
0xd1ceeeefa68a6af0a5f6046132d986066c7f9426.sol,Dice2Win,,
0x24700a297960e8477ce3ca6c58b70a7af3410398.sol,OasisCity,,
0x9e96604445ec19ffed9a5e8dd7b50a29c899a10c.sol,COSSToken,,
0x11c039f368606d91664bfd10137b00eee13cde77.sol,A2AToken,,
0x813b428af3920226e059b68a62e4c04933d4ea7a.sol,DATP,,
0x9bbb9387c9e2477a6b5d81afece00255875c48ce.sol,InkPublicPresale,,
0x500565e098d98a273224ec8fb33d98dc8946f8b9.sol,GameCellCoin,,
0x589891a198195061cb8ad1a75357a3b7dbadd7bc.sol,COSToken,,
0x47da42696a866cdc61a4c809a515500a242909c1.sol,BITToken,,
0xb7fc894f2b6764e114362d303e491709a85c01c2.sol,EtherDice,,
0x8bcb64bfda77905398b67af0af084c744e777a20.sol,GameCell,,
0xbb1f24c0c1554b9990222f036b0aad6ee4caec29.sol,CryptosoulToken,,
0x8542325b72c6d9fc0ad2ca965a78435413a915a0.sol,OysterShell,,
0x454b9f249bc1492ee995793bbc3e57b830f1a5e9.sol,AlphaconCustomToken,,
0xb562ec0261a9cb550a5fbcb46030088f1d6a53cf.sol,EOSpace,,
0x1818409ff612a6d574ca979904396bb4b8ea6d51.sol,NewTokenSale,,
0x1234567461d3f8db7496581774bd869c83d51c93.sol,CAToken,,
0x43ee79e379e7b78d871100ed696e803e7893b644.sol,UGToken,,
0x54e5fd5f3163709e0601a8ee09cf698f7019c9ae.sol,MyToken,,
0x07a58629aaf3e1a0d07d8f43114b76bd5eee3b91.sol,insChainToken,,
0xf670c19e19135079ac72c1fbc7be98c6e0ff27c0.sol,Char,,
0xfb5a551374b656c6e39787b1d3a03feab7f3a98e.sol,TosToken,,
0xd1f1c5ff90fb6f3b0d57f5f6ad4aaf7400f4b39b.sol,EX,,
0xd54661c39362c2f1137f42307036f5b75a722a20.sol,imchain,,
0xf0ddd41ac68b71ecbad395aa6240c41c5b55c749.sol,CTT,,
0x34364bee11607b1963d66bca665fde93fca666a8.sol,YOUToken,,
0xb2e260f12406c401874ecc960893c0f74cd6afcd.sol,BitUPToken,,
0x30e0130141b3f113480a5941ca180ad8c5f98612.sol,MarbleNFTCandidate,,
0x1c1c14a6b5074905ce5d367b0a7e098b58ebfd47.sol,FidexToken,,
0xfc0d912896ea2cadfc49735f8c564809ebec593e.sol,AirBnbChain,,
0xa1d2eff5a390c7cee2e826fb244dab2600f4dc65.sol,XCoinToken,,
0xf1dd5964eabcc6e86230fa6f222677cfdaaf9f0e.sol,ThemisToken,,
0x5ef3260396e263dfcd0ee9d66b258da77101fcbe.sol,OpetToken,,
0x4b04633ee658d83a24a91e3a1b244221800d89b4.sol,RiskToken,,
0xd2946be786f35c3cc402c29b323647abda799071.sol,VikkyToken,,
0x0f612a09ead55bb81b6534e80ed5a21bf0a27b16.sol,EUNOMIA,,
0x49aaa160506f7e07e6c3f6cd6316b6866025cdcb.sol,Lira,,
0xd10cbb3ca3ac21da64009dd394b3f3125243b67d.sol,TabToken,,
0x5d48aca3954d288a5fea9fc374ac48a5dbf5fa6d.sol,EarnEnoughMoney,,
0x6531f133e6deebe7f2dce5a0441aa7ef330b4e53.sol,ChronoBankAssetProxy,,
0x50430b6201c9859c91a5590ac71700cc71499a0e.sol,GetPaid,,
0xcf9fbffec9e0e5bbc62e79bf1965f5db76955661.sol,MESH,,
0xccda5213d453388fb5fb43054bc261c8636b1e51.sol,game,,
0x81e74a3ea4bab2277aa3b941e9d9f37b08ac5374.sol,ifoodToken,,
0xdf6ef343350780bf8c3410bf062e0c015b1dd671.sol,BMCAssetProxy,,
0x6beb418fc6e1958204ac8baddcf109b8e9694966.sol,MyToken,,
0xd559f20296ff4895da39b5bd9add54b442596a61.sol,FTXToken,,
0xd53370acf66044910bb49cbcfe8f3cd020337f60.sol,SEN,,
0x2e98a6804e4b6c832ed0ca876a943abd3400b224.sol,Bela,,
0x432555e5c898f83fc5f00df631bd9c2801fea289.sol,HUBRIS,,
0x4cc29dd2b01a3e0ed005c6e2deb5b3666e4c240c.sol,QMQCoin,,
0x41a322b28d0ff354040e2cbc676f0320d8c8850d.sol,SupeRare,,
0x5972b6cf589f67b362a529433c012185fbae8cfc.sol,HKDCChain,,
0xbded3f7537e75d6c38c036a3a788a549afde12b1.sol,DCS,,
0x80510e56e3f2ef63c07468be6cfb8ffe2468dcc8.sol,C2X,,
0x4092678e4e78230f46a1534c0fbc8fa39780892b.sol,OCoin,,
0x755eb14d2feff2939eb3026f5cad9d03775b9ff4.sol,BunnyToken,,
0x039f5050de4908f9b5ddf40a4f3aa3f329086387.sol,EthernetCash,,
0xa1edc78199a6e56fd52f69cf7c10f67ded15185d.sol,LinkValueToken,,
0xf8a15b1540d5f9d002d9ccb7fd1f23e795c2859d.sol,Presale,,
0x6c6ee5e31d828de241282b9606c8e98ea48526e2.sol,HoloToken,,
0x264dc2dedcdcbb897561a57cba5085ca416fb7b4.sol,QunQunToken,,
0x9457725777a69922af16f3f3d58a92dae1995856.sol,TTBToken,,
0x3cc83c2400e00a54fa1e588d62bc28bf15d5def5.sol,OPTCToken,,
0x2c4e8f2d746113d0696ce89b35f0d8bf88e0aeca.sol,SimpleToken,,
0xae353daeed8dcc7a9a12027f7e070c0a50b7b6a4.sol,INX,,
0xfc05987bd2be489accf0f509e44b0145d68240f7.sol,ESSENTIA,,
0x8d2da938d6f717eb5d84f68bb0eca7584c8faf2a.sol,STCDR,,
0x093e5c256ff8b32c7f1377f4c20e331674c77f00.sol,Dignity,,
0xe3c51fc064053ebc5a802e6f1d2897bf457c244f.sol,JAAGCoin,,
0xff603f43946a3a28df5e6a73172555d8c8b02386.sol,HumanStandardToken,,
0x001f0aa5da15585e5b2305dbab2bac425ea71007.sol,IpsxToken,,
0xa6446d655a0c34bc4f05042ee88170d056cbaf45.sol,CaspianToken,,
0xd01534f4564234a4579b1bc1f3413873b7b3d9d7.sol,ATCPLUS,,
0xddaaf4a0702a03a4505f2352a1aba001ffc344be.sol,ATCCOIN,,
0x3e419b0401339df3564edfa3686d7f99354f134d.sol,NANASHITOKEN,,
0xa3646828ae28cefcfc175efa88ecaa72e5b48cf1.sol,DENtoken,,
0xdf4703c56d1497a33c3fe75c2ee4ba02515778e9.sol,EtopayNetwork,,
0x56d1ae30c97288da4b58bc39f026091778e4e316.sol,Dagt,,
0x7fce2856899a6806eeef70807985fc7554c66340.sol,CLPToken,,
0xffa93aacf49297d51e211817452839052fdfb961.sol,DistributedCreditChain,,
0x5f3789907b35dce5605b00c0be0a7ecdbfa8a841.sol,ContentAdNetworkToken,,
0x9488d07660eb7466b0269f043a19d9b5dfc914cc.sol,KALCToken,,
0xea26c4ac16d4a5a106820bc8aee85fd0b7b2b664.sol,QuarkChainToken,,
0xeb72f169016fec42b63ae5e87207f0fb274408c7.sol,MidexToken,,
0xd6df5935cd03a768b7b9e92637a01b25e24cb709.sol,Bitgram,,
0x08b67e38b4ecc788eb0cfbab72074c374ecddbf3.sol,Bitlike,,
0x05cf67329a262818e67c080e9d511a34d36152c0.sol,MultiSigWallet,,
0x1f88b2ef9ea3b29c90f559e645fc8cc2dc6f5b27.sol,GoMoney,,
0xcd2ddec1150ded7a28834169683a0dbc93a782c2.sol,SuperCarbonCoinToken,,
0x6aeb95f06cda84ca345c2de0f3b7f96923a44f4c.sol,BerryToken,,
0x4f9254c83eb525f9fcf346490bbb3ed28a81c667.sol,CelerToken,,
0xe803267c5086252425befe8e1f9c4cec0ea3a952.sol,Talentum,,
0xa15c7ebe1f07caf6bff097d8a589fb8ac49ae5b3.sol,NPXSToken,,
0x68d57c9a1c35f63e2c83ee8e49a64e9d70528d25.sol,SirinSmartToken,,
0x4cf488387f035ff08c371515562cba712f9015d4.sol,WPR,,
0xd4e26b4e8e9881e8905315aba189b694f2307757.sol,Kotlind,,
0xb57919aebb30812ae188dbe238bc907d56ba4a3a.sol,EveryCoin,,
0x4290563c2d7c255b5eec87f2d3bd10389f991d68.sol,UnlimitedIPToken,,
0x2ba94c2fbb89e3b631629f38ebf1d888c1825ab3.sol,KUYCToken,,
0xf278c1ca969095ffddded020290cf8b5c424ace2.sol,RuffToken,,
0xd2bd6415db70a0f0b26c973b15b63bac74f5c9c6.sol,BTAToken,,
0x5732046a883704404f284ce41ffadd5b007fd668.sol,BluzelleToken,,
0x4a8f44be523580a11cdb20e2c7c470adf44ec9bb.sol,BTMC,,
0x217fdc3f4f5061bf75a0c1c8515c8330926277da.sol,BFC,,
0xe50365f5d679cb98a1dd62d6f6e58e59321bcddf.sol,LATToken,,
0x59c337ef937d0ba9cb1cc47d4e6ded632d22d623.sol,TCH,,
0xa6f53672a40ab4ef7ffd8497d8abb843718ecb22.sol,CASAS,,
0x808508acb3f5f9aef7950375bedb8f001cccab77.sol,LittlePhilCoin,,
0x98b4ca8bd52e4ed1f28d3f30d9f567d1166c9483.sol,iFish,,
0xc77b230f31b517f1ef362e59c173c2be6540b5e8.sol,VidyCoin,,
0xeef8102a0d46d508f171d7323bceffc592835f13.sol,KriosCoin,,
0xf1ec455e3ea962dc2840138ba5780a3853a8fc6d.sol,BBosToken,,
0xce53a179047ebed80261689367c093c90a94cc08.sol,EDT,,
0xcf8335727b776d190f9d15a54e6b9b9348439eee.sol,Epstein,,
0x41875c2332b0877cdfaa699b641402b7d4642c32.sol,FUTURAX,,
0xe3278df3eb2085ba9b6899812a99a10f9ca5e0df.sol,TouristToken,,
0xe1fd7cb1a330c48cc0a09d31f0786b61bfc43f71.sol,ABOToken,,
0xca14e435f1048569dab3264de3c6be764b29da2d.sol,MAS,,
0x6ff73ee2255c30e072d35598f9b06795122d4e64.sol,DigitalEnthusiasts,,
0x541cdaae3d240aee1a79a7469c2f10b6dd98e4d7.sol,DAILYC,,
0x100c2982e01679be991428448a7b8371af0cf478.sol,EveryToken,,
0xc12d099be31567add4e4e4d0d45691c3f58f5663.sol,AuctusToken,,
0x9d357d43d9733a1e59e5eb1432f2527e66e2cd43.sol,Dcm,,
0x0eb152d2bba8af722d7e296a1f223d819c3bbb1f.sol,CarbonExchangeCoinToken,,
0x0e0989b1f9b8a38983c2ba8053269ca62ec9b195.sol,PoetToken,,
0x0778cc2e8bbad3d483e82371606d100cc8604522.sol,MintableToken,,
0x0f8c45b896784a1e408526b9300519ef8660209c.sol,XmxToken,,
0xbb5ed1edeb5149af3ab43ea9c7a6963b3c1374f7.sol,CelebrityToken,,
0x9c0dc78196cccaf238607a1209e259a7dbdd2c30.sol,BitDATAToken,,
0xd850942ef8811f2a866692a623011bde52a462c1.sol,VEN,,
0xc9c4d9ec2b44b241361707679d3db0876ac10ca6.sol,POCToken,,
0xfe73a07fa11ba0a8480159f405d35d0b55f826e8.sol,HDN,,
0xfa7c200d0c1e6f0117ffc7b2f2485c53fd4c1ac4.sol,CYBERSAFETY,,
0x86ad632c36425f0e0af2fcd6f55c160e10c04b26.sol,XBR,,
0xdc30a5baf62f3ce8d7e74a272bc139fbb7a0cab4.sol,OF,,
0x7d3b3b1aef60bf891bc2ad3c202f791707f0645c.sol,SOS,,
0x816051e2203ca534c4336d8d6df71987fa3ae0bd.sol,FunKoin,,
0x4e53ff445f80b349ca6af3dd735c5f07a7c8927a.sol,ExtraBoxCash,,
0x8b0b3526b414ed5019049326544c07725a30da92.sol,Aeronia,,
0x13f1b7fdfbe1fc66676d56483e21b1ecb40b58e2.sol,Accelerator,,
0x1961b3331969ed52770751fc718ef530838b6dee.sol,BitDegreeToken,,
0xf2bb016e8c9c8975654dcd62f318323a8a79d48e.sol,TrueTogetherToken,,
0x275b69aa7c8c1d648a0557656bce1c286e69a29d.sol,Enumivo,,
0x7444e28d8d8db540054271b1e9a9c2573aaf01b7.sol,PUMPHODL,,
0x6bd50f3589916783b5366262d51700ee81d31b7e.sol,Marijuana,,
0x041fe8df8b4aaa868941eb877952f17babe57da5.sol,NYBCoin,,
0x9cfed76501ac8cf181a9d9fead5af25e2c901959.sol,MAC,,
0x22d1755515bef4afd277d8acd42adbac49c77d43.sol,ZeroXEth,,
0x0651842ee1f973367138cd512709d81bf8a62217.sol,TrackChain,,
0xd6d62024d82b5bf4fe4a9e214991743d543f1673.sol,SimpleLife,,
0x1530df3e1c69501d4ecb7e58eb045b90de158873.sol,BitcoinEOS,,
0xcde21da29e54e3b60a1aaacd1dcbda76d8066af1.sol,Digiblock,,
0x636991bf69febcdd9eb1a58e11021d33d40c5660.sol,EtherPlusCoin,,
0xf7dca20054469a1d548b20859a100b9ec6ff1f61.sol,BitcoinEOS,,
0x7a6542e629630a6a2c89ccce098386dcec39f6cf.sol,XEN,,
0xc0e0c1dba795bfe7c4aa302a189423460cca57ad.sol,ADPay,,
0xe57cf6e88505f36954e7c8e6ca9d6b645d030375.sol,Exera,,
0x5a86568f9bbf7c31e30bf40f569762ca82ceb93c.sol,BEN,,
0x088dfd01e4e279d9b9b89690dc1682c89fee1dcb.sol,LUMA,,
0x35223bc965dbd91b41ddf1f540e8c7e475853551.sol,Airdrop,,
0xb3775fb83f7d12a36e0475abdd1fca35c091efbe.sol,Hourglass,,
0xf966bc1e1ab786830fd98a3f8f978940f8e5c13e.sol,Hearts,,
0xbbff862d906e348e9946bfb2132ecb157da3d4b4.sol,SharderToken,,
0x55f93985431fc9304077687a35a1ba103dc1e081.sol,SMT,,
0xd83caa129d9d7080a15d26499733f783eb14e667.sol,SkorchToken,,
0xf239fab41de78533fa974b74d7605f1e68f8772e.sol,CPSTestToken1,,
0x792e0fc822ac6ff5531e46425f13540f1f68a7a8.sol,CoinHot,,
0xbf8be431aa8d8b2f58b6f0727c25a67b41beaaf8.sol,ElamaCoinToken,,
0xf93be1f6c7336e78f4a3859a9d01f44595a82ab4.sol,Plugins,,
0x5f937f2556fda10f5ebac54a902a93e5e7504c3e.sol,INTToken,,
0x5c89736e9454200141b80c37eb28eaceca2ce8cb.sol,CherryToken,,
0x999d332eee57452cf07bceec365fd35ba5c142cb.sol,HYIPRETHPRO440,,
0x1f3f677ecc58f6a1f9e2cf410df4776a8546b5de.sol,VNDCToken,,
0xee609fe292128cad03b786dbb9bc2634ccdbe7fc.sol,PoSToken,,
0x500df47e1df0ef06039218dcf0960253d89d6658.sol,TokenERC20,,
0x98d8d146e644171cd47ff8588987b7bdeef72a87.sol,BXAToken,,
0x2d4de3c744d43cf77cb12399921faf0d78b7415b.sol,MainToken,,
0x9d5b592b687c887a5a34df5f9207adb2c2db3aec.sol,EthereumBlack,,
0x1844b21593262668b7248d0f57a220caaba46ab9.sol,OysterPearl,,
0x7d8b9f24320dab5369144eb46927667f4a58dc49.sol,NRCToken,,
0x2d184014b5658c453443aa87c8e9c4d57285620b.sol,JSEToken,,
0xc5807256e2e2fe85ca94c3617c4bc5ff2bd9cfb6.sol,DragonCoin,,
0x0e12bcbd1300f3e04205ad947fe154f7118e467b.sol,CustomToken,,
0x5f53f7a8075614b699baad0bc2c899f4bad8fbbf.sol,Rebellious,,
0x898bf39cd67658bd63577fb00a2a3571daecbc53.sol,elixor,,
0x5ca381bbfb58f0092df149bd3d243b08b9a8386e.sol,MXCToken,,
0x12fd19dac0fab61bed5e0f09091b470c452d4d61.sol,EC,,
0xfa456cf55250a839088b27ee32a424d7dacb54ff.sol,blocktrade,,
0x48c1b2f3efa85fbafb2ab951bf4ba860a08cdbb7.sol,HAND,,
0xaa19961b6b858d9f18a115f25aa1d98abc1fdba8.sol,LCS,,
0x957c30ab0426e0c93cd8241e2c60392d08c6ac8e.sol,ModumToken,,
0x5f6e7fb7fe92ea7822472bb0e8f1be60d6a4ea50.sol,Artemine,,
0x018d7d179350f1bb9853d04982820e37cce13a92.sol,INXToken,,
0x89cf87c35e69a9b84f7a3e50eaf54bfc3cabc377.sol,GetPaidToken,,
0x9002d4485b7594e3e850f0a206713b305113f69e.sol,HawalaToken,,
0xf1c9ee019ae6efbaac06d3c08b1cbaa59b1ecb48.sol,FairCasino,,
0x8fe19c447821b4cdcdd5012bca1b5469ca96d80d.sol,ETToken,,
0xb22be3c9fef880ee58155cd402b67ce6d7b45504.sol,DXG,,
