[
	{
		"file": "0xf8e386eda857484f5a12e4b5daa9984e06e73705.sol",
		"name": "IndorseToken",
		"weaknesses": [
			""
		],
		"link": "",
		"numberOfBlocks": 199,
		"numberOfBranches": 233,
		"numberOfCriticalInstructions": {}
	},
	{
		"file": "0xaaf37055188feee4869de63464937e683d61b2a1.sol",
		"name": "UChainToken",
		"weaknesses": [
			""
		],
		"link": "",
		"numberOfBlocks": 224,
		"numberOfBranches": 265,
		"numberOfCriticalInstructions": {}
	},
	{
		"file": "0x3618516f45cd3c913f81f9987af41077932bc40d.sol",
		"name": "Peculium",
		"weaknesses": [
			""
		],
		"link": "",
		"numberOfBlocks": 213,
		"numberOfBranches": 252,
		"numberOfCriticalInstructions": {
			"CALL": 5
		}
	},
	{
		"file": "0x5a86568f9bbf7c31e30bf40f569762ca82ceb93c.sol",
		"name": "BEN",
		"weaknesses": [
			""
		],
		"link": "",
		"numberOfBlocks": 306,
		"numberOfBranches": 360,
		"numberOfCriticalInstructions": {
			"CALL": 4
		}
	},
	{
		"file": "0x123ab195dd38b1b40510d467a6a359b201af056f.sol",
		"name": "Legolas",
		"weaknesses": [
			""
		],
		"link": "",
		"numberOfBlocks": 266,
		"numberOfBranches": 315,
		"numberOfCriticalInstructions": {
			"SELFDESTRUCT": 1
		}
	},
	{
		"file": "0xb70835d7822ebb9426b56543e391846c107bd32c.sol",
		"name": "GameICO",
		"weaknesses": [
			""
		],
		"link": "",
		"numberOfBlocks": 452,
		"numberOfBranches": 556,
		"numberOfCriticalInstructions": {
			"CALL": 7
		}
	},
	{
		"file": "0x3e419b0401339df3564edfa3686d7f99354f134d.sol",
		"name": "NANASHITOKEN",
		"weaknesses": [
			""
		],
		"link": "",
		"numberOfBlocks": 198,
		"numberOfBranches": 247,
		"numberOfCriticalInstructions": {
			"CALL": 1
		}
	},
	{
		"file": "0x636991bf69febcdd9eb1a58e11021d33d40c5660.sol",
		"name": "EtherPlusCoin",
		"weaknesses": [
			""
		],
		"link": "",
		"numberOfBlocks": 306,
		"numberOfBranches": 360,
		"numberOfCriticalInstructions": {
			"CALL": 4
		}
	},
	{
		"file": "0xf7dca20054469a1d548b20859a100b9ec6ff1f61.sol",
		"name": "BitcoinEOS",
		"weaknesses": [
			""
		],
		"link": "",
		"numberOfBlocks": 306,
		"numberOfBranches": 360,
		"numberOfCriticalInstructions": {
			"CALL": 4
		}
	},
	{
		"file": "0x9002d4485b7594e3e850f0a206713b305113f69e.sol",
		"name": "HawalaToken",
		"weaknesses": [
			""
		],
		"link": "",
		"numberOfBlocks": 299,
		"numberOfBranches": 435,
		"numberOfCriticalInstructions": {
			"CALL": 1,
			"DELEGATECALL": 1
		}
	},
	{
		"file": "0xcc7d26d8ea6281bb363c8448515f2c61f7bc19f0.sol",
		"name": "ABBCCashToken",
		"weaknesses": [
			""
		],
		"link": "",
		"numberOfBlocks": 158,
		"numberOfBranches": 190,
		"numberOfCriticalInstructions": {
			"CALL": 2
		}
	},
	{
		"file": "0x039f5050de4908f9b5ddf40a4f3aa3f329086387.sol",
		"name": "EthernetCash",
		"weaknesses": [
			""
		],
		"link": "",
		"numberOfBlocks": 222,
		"numberOfBranches": 265,
		"numberOfCriticalInstructions": {
			"CALL": 4,
			"CALLCODE": 1
		}
	},
	{
		"file": "0xf670c19e19135079ac72c1fbc7be98c6e0ff27c0.sol",
		"name": "Char",
		"weaknesses": [
			""
		],
		"link": "",
		"numberOfBlocks": 204,
		"numberOfBranches": 243,
		"numberOfCriticalInstructions": {}
	},
	{
		"file": "0x80510e56e3f2ef63c07468be6cfb8ffe2468dcc8.sol",
		"name": "C2X",
		"weaknesses": [
			""
		],
		"link": "",
		"numberOfBlocks": 341,
		"numberOfBranches": 423,
		"numberOfCriticalInstructions": {
			"CALL": 7,
			"CALLCODE": 1
		}
	},
	{
		"file": "0xb47e3cd837ddf8e4c57f05d70ab865de6e193bbb.sol",
		"name": "CryptoPunksMarket",
		"weaknesses": [
			""
		],
		"link": "",
		"numberOfBlocks": 272,
		"numberOfBranches": 313,
		"numberOfCriticalInstructions": {
			"CALL": 2
		}
	},
	{
		"file": "0xaa843f65872a25d6e9552ea0b360fb1d5e333124.sol",
		"name": "EcoValueCoin",
		"weaknesses": [
			""
		],
		"link": "",
		"numberOfBlocks": 224,
		"numberOfBranches": 257,
		"numberOfCriticalInstructions": {
			"CALL": 3,
			"CALLCODE": 1
		}
	},
	{
		"file": "0x115ec79f1de567ec68b7ae7eda501b406626478e.sol",
		"name": "CarryToken",
		"weaknesses": [
			""
		],
		"link": "",
		"numberOfBlocks": 207,
		"numberOfBranches": 245,
		"numberOfCriticalInstructions": {
			"CALL": 1,
			"CALLCODE": 1,
			"DELEGATECALL": 1
		}
	},
	{
		"file": "0x61245b6a6678f3158a37ab2c5e52369b9f452318.sol",
		"name": "LightOracle",
		"weaknesses": [
			""
		],
		"link": "",
		"numberOfBlocks": 239,
		"numberOfBranches": 276,
		"numberOfCriticalInstructions": {
			"CALL": 2
		}
	},
	{
		"file": "0x093e5c256ff8b32c7f1377f4c20e331674c77f00.sol",
		"name": "Dignity",
		"weaknesses": [
			""
		],
		"link": "",
		"numberOfBlocks": 152,
		"numberOfBranches": 184,
		"numberOfCriticalInstructions": {}
	},
	{
		"file": "0x1530df3e1c69501d4ecb7e58eb045b90de158873.sol",
		"name": "BitcoinEOS",
		"weaknesses": [
			""
		],
		"link": "",
		"numberOfBlocks": 306,
		"numberOfBranches": 360,
		"numberOfCriticalInstructions": {
			"CALL": 4
		}
	},
	{
		"file": "0xcde21da29e54e3b60a1aaacd1dcbda76d8066af1.sol",
		"name": "Digiblock",
		"weaknesses": [
			""
		],
		"link": "",
		"numberOfBlocks": 306,
		"numberOfBranches": 360,
		"numberOfCriticalInstructions": {
			"CALL": 4
		}
	},
	{
		"file": "0x4b04633ee658d83a24a91e3a1b244221800d89b4.sol",
		"name": "RiskToken",
		"weaknesses": [
			""
		],
		"link": "",
		"numberOfBlocks": 208,
		"numberOfBranches": 249,
		"numberOfCriticalInstructions": {}
	},
	{
		"file": "0x49aaa160506f7e07e6c3f6cd6316b6866025cdcb.sol",
		"name": "Lira",
		"weaknesses": [
			""
		],
		"link": "",
		"numberOfBlocks": 302,
		"numberOfBranches": 515,
		"numberOfCriticalInstructions": {
			"CALL": 2
		}
	},
	{
		"file": "0xd1f1c5ff90fb6f3b0d57f5f6ad4aaf7400f4b39b.sol",
		"name": "EX",
		"weaknesses": [
			""
		],
		"link": "",
		"numberOfBlocks": 244,
		"numberOfBranches": 297,
		"numberOfCriticalInstructions": {
			"CALL": 4
		}
	},
	{
		"file": "0x541cdaae3d240aee1a79a7469c2f10b6dd98e4d7.sol",
		"name": "DAILYC",
		"weaknesses": [
			""
		],
		"link": "",
		"numberOfBlocks": 253,
		"numberOfBranches": 295,
		"numberOfCriticalInstructions": {
			"CALL": 1
		}
	},
	{
		"file": "0x816051e2203ca534c4336d8d6df71987fa3ae0bd.sol",
		"name": "FunKoin",
		"weaknesses": [
			""
		],
		"link": "",
		"numberOfBlocks": 213,
		"numberOfBranches": 250,
		"numberOfCriticalInstructions": {
			"CALL": 4
		}
	},
	{
		"file": "0x9cfed76501ac8cf181a9d9fead5af25e2c901959.sol",
		"name": "MAC",
		"weaknesses": [
			""
		],
		"link": "",
		"numberOfBlocks": 306,
		"numberOfBranches": 360,
		"numberOfCriticalInstructions": {
			"CALL": 4
		}
	},
	{
		"file": "0xd6d62024d82b5bf4fe4a9e214991743d543f1673.sol",
		"name": "SimpleLife",
		"weaknesses": [
			""
		],
		"link": "",
		"numberOfBlocks": 306,
		"numberOfBranches": 360,
		"numberOfCriticalInstructions": {
			"CALL": 4,
			"DELEGATECALL": 1
		}
	},
	{
		"file": "0x44f588aeeb8c44471439d1270b3603c66a9262f1.sol",
		"name": "SnipCoin",
		"weaknesses": [
			""
		],
		"link": "",
		"numberOfBlocks": 298,
		"numberOfBranches": 357,
		"numberOfCriticalInstructions": {
			"CALL": 1
		}
	},
	{
		"file": "0xe7d7b37e72510309db27c460378f957b1b04bd5d.sol",
		"name": "EMPR",
		"weaknesses": [
			""
		],
		"link": "",
		"numberOfBlocks": 213,
		"numberOfBranches": 248,
		"numberOfCriticalInstructions": {
			"CALL": 3,
			"CALLCODE": 2,
			"SELFDESTRUCT": 1
		}
	},
	{
		"file": "0x96a65609a7b84e8842732deb08f56c3e21ac6f8a.sol",
		"name": "CentraToken",
		"weaknesses": [
			""
		],
		"link": "",
		"numberOfBlocks": 307,
		"numberOfBranches": 381,
		"numberOfCriticalInstructions": {
			"CALL": 1
		}
	},
	{
		"file": "0xe25b0bba01dc5630312b6a21927e578061a13f55.sol",
		"name": "SHIPToken",
		"weaknesses": [
			""
		],
		"link": "",
		"numberOfBlocks": 238,
		"numberOfBranches": 277,
		"numberOfCriticalInstructions": {
			"CALL": 3
		}
	},
	{
		"file": "0x568f9f32969e29b5ce1a4545be5398e8cc7c4401.sol",
		"name": "Fivebalance",
		"weaknesses": [
			""
		],
		"link": "",
		"numberOfBlocks": 341,
		"numberOfBranches": 424,
		"numberOfCriticalInstructions": {
			"CALL": 7,
			"CALLCODE": 1
		}
	},
	{
		"file": "0xd6df5935cd03a768b7b9e92637a01b25e24cb709.sol",
		"name": "Bitgram",
		"weaknesses": [
			""
		],
		"link": "",
		"numberOfBlocks": 268,
		"numberOfBranches": 314,
		"numberOfCriticalInstructions": {
			"CALL": 4
		}
	},
	{
		"file": "0x5eb87caa0105a63aa87a36c7bd2573bd13e84fae.sol",
		"name": "BQT",
		"weaknesses": [
			""
		],
		"link": "",
		"numberOfBlocks": 235,
		"numberOfBranches": 308,
		"numberOfCriticalInstructions": {
			"CALL": 2
		}
	},
	{
		"file": "0x9f103cd6fb907928351353e6f339c3fdcd5ee05c.sol",
		"name": "TrilliamToken",
		"weaknesses": [
			""
		],
		"link": "",
		"numberOfBlocks": 178,
		"numberOfBranches": 207,
		"numberOfCriticalInstructions": {
			"CALL": 1
		}
	},
	{
		"file": "0x8716fc5da009d3a208f0178b637a50f4ef42400f.sol",
		"name": "Ustock",
		"weaknesses": [
			""
		],
		"link": "",
		"numberOfBlocks": 186,
		"numberOfBranches": 225,
		"numberOfCriticalInstructions": {
			"SELFDESTRUCT": 2
		}
	},
	{
		"file": "0x167cb3f2446f829eb327344b66e271d1a7efec9a.sol",
		"name": "GandhiJi",
		"weaknesses": [
			""
		],
		"link": "",
		"numberOfBlocks": 343,
		"numberOfBranches": 505,
		"numberOfCriticalInstructions": {
			"CALL": 1
		}
	},
	{
		"file": "0x9af4f26941677c706cfecf6d3379ff01bb85d5ab.sol",
		"name": "DRTCoin",
		"weaknesses": [
			""
		],
		"link": "",
		"numberOfBlocks": 266,
		"numberOfBranches": 316,
		"numberOfCriticalInstructions": {
			"CALLCODE": 1
		}
	},
	{
		"file": "0x8faf0be1465b9be70ee73d9123b2a1fdd9f2aae4.sol",
		"name": "EthereumLiteCash",
		"weaknesses": [
			""
		],
		"link": "",
		"numberOfBlocks": 242,
		"numberOfBranches": 291,
		"numberOfCriticalInstructions": {
			"CALL": 5,
			"CALLCODE": 1
		}
	},
	{
		"file": "0xf278c1ca969095ffddded020290cf8b5c424ace2.sol",
		"name": "RuffToken",
		"weaknesses": [
			""
		],
		"link": "",
		"numberOfBlocks": 193,
		"numberOfBranches": 231,
		"numberOfCriticalInstructions": {}
	},
	{
		"file": "0x2d4de3c744d43cf77cb12399921faf0d78b7415b.sol",
		"name": "MainToken",
		"weaknesses": [
			""
		],
		"link": "",
		"numberOfBlocks": 290,
		"numberOfBranches": 445,
		"numberOfCriticalInstructions": {
			"CALL": 1,
			"CALLCODE": 1
		}
	},
	{
		"file": "0x9d5b592b687c887a5a34df5f9207adb2c2db3aec.sol",
		"name": "EthereumBlack",
		"weaknesses": [
			""
		],
		"link": "",
		"numberOfBlocks": 299,
		"numberOfBranches": 340,
		"numberOfCriticalInstructions": {
			"CALL": 3,
			"CALLCODE": 1
		}
	},
	{
		"file": "0xb2089a7069861c8d90c8da3aacab8e9188c0c531.sol",
		"name": "Green",
		"weaknesses": [
			""
		],
		"link": "",
		"numberOfBlocks": 173,
		"numberOfBranches": 206,
		"numberOfCriticalInstructions": {
			"CALL": 3
		}
	},
	{
		"file": "0x56d1ae30c97288da4b58bc39f026091778e4e316.sol",
		"name": "Dagt",
		"weaknesses": [
			""
		],
		"link": "",
		"numberOfBlocks": 239,
		"numberOfBranches": 283,
		"numberOfCriticalInstructions": {}
	},
	{
		"file": "0x30e0130141b3f113480a5941ca180ad8c5f98612.sol",
		"name": "MarbleNFTCandidate",
		"weaknesses": [
			""
		],
		"link": "",
		"numberOfBlocks": 251,
		"numberOfBranches": 394,
		"numberOfCriticalInstructions": {
			"CALL": 1
		}
	},
	{
		"file": "0x001f0aa5da15585e5b2305dbab2bac425ea71007.sol",
		"name": "IpsxToken",
		"weaknesses": [
			""
		],
		"link": "",
		"numberOfBlocks": 169,
		"numberOfBranches": 204,
		"numberOfCriticalInstructions": {}
	},
	{
		"file": "0xcd2ddec1150ded7a28834169683a0dbc93a782c2.sol",
		"name": "SuperCarbonCoinToken",
		"weaknesses": [
			""
		],
		"link": "",
		"numberOfBlocks": 248,
		"numberOfBranches": 299,
		"numberOfCriticalInstructions": {
			"CALL": 2,
			"SELFDESTRUCT": 1
		}
	},
	{
		"file": "0x41875c2332b0877cdfaa699b641402b7d4642c32.sol",
		"name": "FUTURAX",
		"weaknesses": [
			""
		],
		"link": "",
		"numberOfBlocks": 237,
		"numberOfBranches": 283,
		"numberOfCriticalInstructions": {
			"CALL": 5,
			"CALLCODE": 1
		}
	},
	{
		"file": "0xc12d099be31567add4e4e4d0d45691c3f58f5663.sol",
		"name": "AuctusToken",
		"weaknesses": [
			""
		],
		"link": "",
		"numberOfBlocks": 210,
		"numberOfBranches": 260,
		"numberOfCriticalInstructions": {
			"CALL": 2
		}
	},
	{
		"file": "0x86ad632c36425f0e0af2fcd6f55c160e10c04b26.sol",
		"name": "XBR",
		"weaknesses": [
			""
		],
		"link": "",
		"numberOfBlocks": 242,
		"numberOfBranches": 291,
		"numberOfCriticalInstructions": {
			"CALL": 5,
			"CALLCODE": 1,
			"DELEGATECALL": 1
		}
	},
	{
		"file": "0x5581c0bc21a762e43d148b06d310f088b6cf97b3.sol",
		"name": "SE",
		"weaknesses": [
			""
		],
		"link": "",
		"numberOfBlocks": 217,
		"numberOfBranches": 265,
		"numberOfCriticalInstructions": {
			"CALL": 2,
			"CALLCODE": 1
		}
	},
	{
		"file": "0x24700a297960e8477ce3ca6c58b70a7af3410398.sol",
		"name": "OasisCity",
		"weaknesses": [
			""
		],
		"link": "",
		"numberOfBlocks": 257,
		"numberOfBranches": 303,
		"numberOfCriticalInstructions": {
			"CALL": 1,
			"CALLCODE": 1
		}
	},
	{
		"file": "0x5c89736e9454200141b80c37eb28eaceca2ce8cb.sol",
		"name": "CherryToken",
		"weaknesses": [
			""
		],
		"link": "",
		"numberOfBlocks": 290,
		"numberOfBranches": 411,
		"numberOfCriticalInstructions": {
			"CALL": 4
		}
	},
	{
		"file": "0xe3278df3eb2085ba9b6899812a99a10f9ca5e0df.sol",
		"name": "TouristToken",
		"weaknesses": [
			""
		],
		"link": "",
		"numberOfBlocks": 238,
		"numberOfBranches": 284,
		"numberOfCriticalInstructions": {
			"CALL": 5,
			"CALLCODE": 1
		}
	},
	{
		"file": "0xbbff862d906e348e9946bfb2132ecb157da3d4b4.sol",
		"name": "SharderToken",
		"weaknesses": [
			""
		],
		"link": "",
		"numberOfBlocks": 336,
		"numberOfBranches": 451,
		"numberOfCriticalInstructions": {}
	},
	{
		"file": "0x5ef3260396e263dfcd0ee9d66b258da77101fcbe.sol",
		"name": "OpetToken",
		"weaknesses": [
			""
		],
		"link": "",
		"numberOfBlocks": 218,
		"numberOfBranches": 256,
		"numberOfCriticalInstructions": {}
	},
	{
		"file": "0xa1edc78199a6e56fd52f69cf7c10f67ded15185d.sol",
		"name": "LinkValueToken",
		"weaknesses": [
			""
		],
		"link": "",
		"numberOfBlocks": 195,
		"numberOfBranches": 233,
		"numberOfCriticalInstructions": {
			"CALL": 4,
			"CALLCODE": 1,
			"DELEGATECALL": 1
		}
	},
	{
		"file": "0xfa55951f84bfbe2e6f95aa74b58cc7047f9f0644.sol",
		"name": "UST",
		"weaknesses": [
			""
		],
		"link": "",
		"numberOfBlocks": 292,
		"numberOfBranches": 363,
		"numberOfCriticalInstructions": {
			"CALL": 2,
			"CALLCODE": 1
		}
	},
	{
		"file": "0x34364bee11607b1963d66bca665fde93fca666a8.sol",
		"name": "YOUToken",
		"weaknesses": [
			""
		],
		"link": "",
		"numberOfBlocks": 191,
		"numberOfBranches": 231,
		"numberOfCriticalInstructions": {
			"CALL": 2,
			"CALLCODE": 1
		}
	},
	{
		"file": "0xee609fe292128cad03b786dbb9bc2634ccdbe7fc.sol",
		"name": "PoSToken",
		"weaknesses": [
			""
		],
		"link": "",
		"numberOfBlocks": 305,
		"numberOfBranches": 538,
		"numberOfCriticalInstructions": {}
	},
	{
		"file": "0x0835ecd15ddf08d4786304d71b4672dc5c40f011.sol",
		"name": "PlusCoin",
		"weaknesses": [
			""
		],
		"link": "",
		"numberOfBlocks": 378,
		"numberOfBranches": 453,
		"numberOfCriticalInstructions": {
			"CALL": 2,
			"SELFDESTRUCT": 1
		}
	},
	{
		"file": "0x0f00f1696218eaefa2d2330df3d6d1f94813b38f.sol",
		"name": "SedoPoWToken",
		"weaknesses": [
			""
		],
		"link": "",
		"numberOfBlocks": 350,
		"numberOfBranches": 588,
		"numberOfCriticalInstructions": {
			"CALL": 5
		}
	},
	{
		"file": "0x3c4a3ffd813a107febd57b2f01bc344264d90fde.sol",
		"name": "EnergiToken",
		"weaknesses": [
			""
		],
		"link": "",
		"numberOfBlocks": 174,
		"numberOfBranches": 200,
		"numberOfCriticalInstructions": {}
	},
	{
		"file": "0x59335080522fa941bcbdb6e15a6f2ee5a455dc5a.sol",
		"name": "AdvanceToken",
		"weaknesses": [
			""
		],
		"link": "",
		"numberOfBlocks": 264,
		"numberOfBranches": 322,
		"numberOfCriticalInstructions": {
			"CALLCODE": 1,
			"SELFDESTRUCT": 1
		}
	},
	{
		"file": "0x8bcb64bfda77905398b67af0af084c744e777a20.sol",
		"name": "GameCell",
		"weaknesses": [
			""
		],
		"link": "",
		"numberOfBlocks": 284,
		"numberOfBranches": 349,
		"numberOfCriticalInstructions": {}
	},
	{
		"file": "0xccda5213d453388fb5fb43054bc261c8636b1e51.sol",
		"name": "game",
		"weaknesses": [
			""
		],
		"link": "",
		"numberOfBlocks": 413,
		"numberOfBranches": 498,
		"numberOfCriticalInstructions": {
			"CALL": 13,
			"CALLCODE": 1
		}
	},
	{
		"file": "0xf8a15b1540d5f9d002d9ccb7fd1f23e795c2859d.sol",
		"name": "Presale",
		"weaknesses": [
			""
		],
		"link": "",
		"numberOfBlocks": 326,
		"numberOfBranches": 394,
		"numberOfCriticalInstructions": {
			"CALL": 5,
			"SELFDESTRUCT": 1
		}
	},
	{
		"file": "0x2c4e8f2d746113d0696ce89b35f0d8bf88e0aeca.sol",
		"name": "SimpleToken",
		"weaknesses": [
			""
		],
		"link": "",
		"numberOfBlocks": 217,
		"numberOfBranches": 293,
		"numberOfCriticalInstructions": {}
	},
	{
		"file": "0xabefec93451a2cd5d864ff7b0b1604dfc60e9688.sol",
		"name": "BlueChipMain",
		"weaknesses": [
			""
		],
		"link": "",
		"numberOfBlocks": 348,
		"numberOfBranches": 513,
		"numberOfCriticalInstructions": {
			"CALL": 1
		}
	},
	{
		"file": "0x464ebe77c293e473b48cfe96ddcf88fcf7bfdac0.sol",
		"name": "KryllToken",
		"weaknesses": [
			""
		],
		"link": "",
		"numberOfBlocks": 323,
		"numberOfBranches": 420,
		"numberOfCriticalInstructions": {
			"CALLCODE": 1
		}
	},
	{
		"file": "0x0eb152d2bba8af722d7e296a1f223d819c3bbb1f.sol",
		"name": "CarbonExchangeCoinToken",
		"weaknesses": [
			""
		],
		"link": "",
		"numberOfBlocks": 231,
		"numberOfBranches": 275,
		"numberOfCriticalInstructions": {
			"CALL": 2,
			"SELFDESTRUCT": 1
		}
	},
	{
		"file": "0x3a1bda28adb5b0a812a7cf10a1950c920f79bcd3.sol",
		"name": "FlipToken",
		"weaknesses": [
			""
		],
		"link": "",
		"numberOfBlocks": 263,
		"numberOfBranches": 317,
		"numberOfCriticalInstructions": {
			"CALL": 3
		}
	},
	{
		"file": "0x50430b6201c9859c91a5590ac71700cc71499a0e.sol",
		"name": "GetPaid",
		"weaknesses": [
			""
		],
		"link": "",
		"numberOfBlocks": 336,
		"numberOfBranches": 470,
		"numberOfCriticalInstructions": {
			"CALL": 5,
			"CALLCODE": 1
		}
	},
	{
		"file": "0x4cc29dd2b01a3e0ed005c6e2deb5b3666e4c240c.sol",
		"name": "QMQCoin",
		"weaknesses": [
			""
		],
		"link": "",
		"numberOfBlocks": 314,
		"numberOfBranches": 369,
		"numberOfCriticalInstructions": {
			"CALL": 5,
			"SELFDESTRUCT": 1
		}
	},
	{
		"file": "0x500df47e1df0ef06039218dcf0960253d89d6658.sol",
		"name": "TokenERC20",
		"weaknesses": [
			""
		],
		"link": "",
		"numberOfBlocks": 178,
		"numberOfBranches": 214,
		"numberOfCriticalInstructions": {
			"CALL": 2
		}
	},
	{
		"file": "0x4c29d75cc423e8adaa3839892feb66977e295829.sol",
		"name": "POOH",
		"weaknesses": [
			""
		],
		"link": "",
		"numberOfBlocks": 343,
		"numberOfBranches": 505,
		"numberOfCriticalInstructions": {
			"CALL": 1
		}
	},
	{
		"file": "0xa38fcedd23de2191dc27f9a0240ac170be0a14fe.sol",
		"name": "CaelumMiner",
		"weaknesses": [
			""
		],
		"link": "",
		"numberOfBlocks": 450,
		"numberOfBranches": 611,
		"numberOfCriticalInstructions": {
			"CALL": 18
		}
	},
	{
		"file": "0x90335e6f8cf5b4b3cc28217b6b2ece290439e492.sol",
		"name": "DragonCoin",
		"weaknesses": [
			""
		],
		"link": "",
		"numberOfBlocks": 177,
		"numberOfBranches": 210,
		"numberOfCriticalInstructions": {
			"CALL": 2,
			"CALLCODE": 1
		}
	},
	{
		"file": "0x454b9f249bc1492ee995793bbc3e57b830f1a5e9.sol",
		"name": "AlphaconCustomToken",
		"weaknesses": [
			""
		],
		"link": "",
		"numberOfBlocks": 261,
		"numberOfBranches": 311,
		"numberOfCriticalInstructions": {
			"CALL": 4,
			"CALLCODE": 1
		}
	},
	{
		"file": "0xb562ec0261a9cb550a5fbcb46030088f1d6a53cf.sol",
		"name": "EOSpace",
		"weaknesses": [
			""
		],
		"link": "",
		"numberOfBlocks": 314,
		"numberOfBranches": 372,
		"numberOfCriticalInstructions": {
			"CALL": 5
		}
	},
	{
		"file": "0x755eb14d2feff2939eb3026f5cad9d03775b9ff4.sol",
		"name": "BunnyToken",
		"weaknesses": [
			""
		],
		"link": "",
		"numberOfBlocks": 146,
		"numberOfBranches": 175,
		"numberOfCriticalInstructions": {
			"CALL": 1,
			"SELFDESTRUCT": 1
		}
	},
	{
		"file": "0xae353daeed8dcc7a9a12027f7e070c0a50b7b6a4.sol",
		"name": "INX",
		"weaknesses": [
			""
		],
		"link": "",
		"numberOfBlocks": 171,
		"numberOfBranches": 210,
		"numberOfCriticalInstructions": {
			"DELEGATECALL": 1
		}
	},
	{
		"file": "0xbb5ed1edeb5149af3ab43ea9c7a6963b3c1374f7.sol",
		"name": "CelebrityToken",
		"weaknesses": [
			""
		],
		"link": "",
		"numberOfBlocks": 308,
		"numberOfBranches": 373,
		"numberOfCriticalInstructions": {
			"CALL": 4
		}
	},
	{
		"file": "0xec6c861c2a2b1e5ff5336731bc80c29dbff88273.sol",
		"name": "ElacToken",
		"weaknesses": [
			""
		],
		"link": "",
		"numberOfBlocks": 239,
		"numberOfBranches": 275,
		"numberOfCriticalInstructions": {
			"CALL": 1,
			"CALLCODE": 2,
			"SELFDESTRUCT": 1
		}
	},
	{
		"file": "0x365542df3c8c9d096c5f0de24a0d8cf33c19c8fd.sol",
		"name": "HSN",
		"weaknesses": [
			""
		],
		"link": "",
		"numberOfBlocks": 358,
		"numberOfBranches": 496,
		"numberOfCriticalInstructions": {}
	},
	{
		"file": "0xfe73a07fa11ba0a8480159f405d35d0b55f826e8.sol",
		"name": "HDN",
		"weaknesses": [
			""
		],
		"link": "",
		"numberOfBlocks": 174,
		"numberOfBranches": 201,
		"numberOfCriticalInstructions": {}
	},
	{
		"file": "0xc0e0c1dba795bfe7c4aa302a189423460cca57ad.sol",
		"name": "ADPay",
		"weaknesses": [
			""
		],
		"link": "",
		"numberOfBlocks": 306,
		"numberOfBranches": 360,
		"numberOfCriticalInstructions": {
			"CALL": 4
		}
	},
	{
		"file": "0x66e2e867b93fbe69f84387427d08861285a9a65a.sol",
		"name": "Atp",
		"weaknesses": [
			""
		],
		"link": "",
		"numberOfBlocks": 165,
		"numberOfBranches": 205,
		"numberOfCriticalInstructions": {
			"CALL": 2,
			"CALLCODE": 1,
			"DELEGATECALL": 1
		}
	},
	{
		"file": "0x08d32b0da63e2c3bcf8019c9c5d849d7a9d791e6.sol",
		"name": "DentacoinToken",
		"weaknesses": [
			""
		],
		"link": "",
		"numberOfBlocks": 270,
		"numberOfBranches": 340,
		"numberOfCriticalInstructions": {
			"CALL": 5,
			"CALLCODE": 1
		}
	},
	{
		"file": "0xd83caa129d9d7080a15d26499733f783eb14e667.sol",
		"name": "SkorchToken",
		"weaknesses": [
			""
		],
		"link": "",
		"numberOfBlocks": 355,
		"numberOfBranches": 693,
		"numberOfCriticalInstructions": {
			"CALL": 2
		}
	},
	{
		"file": "0x1f3f677ecc58f6a1f9e2cf410df4776a8546b5de.sol",
		"name": "VNDCToken",
		"weaknesses": [
			""
		],
		"link": "",
		"numberOfBlocks": 319,
		"numberOfBranches": 378,
		"numberOfCriticalInstructions": {
			"CALL": 6,
			"CALLCODE": 1
		}
	},
	{
		"file": "0xbd65f6f9f9f87af2a677709e132debc3f242671d.sol",
		"name": "SchrodingerEquationNet",
		"weaknesses": [
			""
		],
		"link": "",
		"numberOfBlocks": 213,
		"numberOfBranches": 250,
		"numberOfCriticalInstructions": {
			"CALL": 4
		}
	},
	{
		"file": "0x53148bb4551707edf51a1e8d7a93698d18931225.sol",
		"name": "Peculium",
		"weaknesses": [
			""
		],
		"link": "",
		"numberOfBlocks": 187,
		"numberOfBranches": 224,
		"numberOfCriticalInstructions": {
			"CALL": 1
		}
	},
	{
		"file": "0xc9c4d9ec2b44b241361707679d3db0876ac10ca6.sol",
		"name": "POCToken",
		"weaknesses": [
			""
		],
		"link": "",
		"numberOfBlocks": 252,
		"numberOfBranches": 311,
		"numberOfCriticalInstructions": {
			"CALL": 1,
			"CALLCODE": 1
		}
	},
	{
		"file": "0xa1d2eff5a390c7cee2e826fb244dab2600f4dc65.sol",
		"name": "XCoinToken",
		"weaknesses": [
			""
		],
		"link": "",
		"numberOfBlocks": 228,
		"numberOfBranches": 272,
		"numberOfCriticalInstructions": {
			"CALL": 1,
			"CALLCODE": 1
		}
	},
	{
		"file": "0x0f612a09ead55bb81b6534e80ed5a21bf0a27b16.sol",
		"name": "EUNOMIA",
		"weaknesses": [
			""
		],
		"link": "",
		"numberOfBlocks": 238,
		"numberOfBranches": 284,
		"numberOfCriticalInstructions": {
			"CALL": 5,
			"CALLCODE": 1
		}
	},
	{
		"file": "0xd10cbb3ca3ac21da64009dd394b3f3125243b67d.sol",
		"name": "TabToken",
		"weaknesses": [
			""
		],
		"link": "",
		"numberOfBlocks": 289,
		"numberOfBranches": 335,
		"numberOfCriticalInstructions": {
			"CALL": 1
		}
	},
	{
		"file": "0xfc05987bd2be489accf0f509e44b0145d68240f7.sol",
		"name": "ESSENTIA",
		"weaknesses": [
			""
		],
		"link": "",
		"numberOfBlocks": 153,
		"numberOfBranches": 182,
		"numberOfCriticalInstructions": {
			"CALL": 1
		}
	},
	{
		"file": "0xea26c4ac16d4a5a106820bc8aee85fd0b7b2b664.sol",
		"name": "QuarkChainToken",
		"weaknesses": [
			""
		],
		"link": "",
		"numberOfBlocks": 232,
		"numberOfBranches": 272,
		"numberOfCriticalInstructions": {}
	},
	{
		"file": "0x0e0989b1f9b8a38983c2ba8053269ca62ec9b195.sol",
		"name": "PoetToken",
		"weaknesses": [
			""
		],
		"link": "",
		"numberOfBlocks": 194,
		"numberOfBranches": 231,
		"numberOfCriticalInstructions": {
			"CALL": 2
		}
	},
	{
		"file": "0xb354bb7b7f9e528ccec735f5289ae0c09fe4e32e.sol",
		"name": "Recycle",
		"weaknesses": [
			""
		],
		"link": "",
		"numberOfBlocks": 292,
		"numberOfBranches": 342,
		"numberOfCriticalInstructions": {
			"CALL": 4
		}
	},
	{
		"file": "0xb7fc894f2b6764e114362d303e491709a85c01c2.sol",
		"name": "EtherDice",
		"weaknesses": [
			""
		],
		"link": "",
		"numberOfBlocks": 250,
		"numberOfBranches": 308,
		"numberOfCriticalInstructions": {
			"CALL": 4
		}
	},
	{
		"file": "0xf0ddd41ac68b71ecbad395aa6240c41c5b55c749.sol",
		"name": "CTT",
		"weaknesses": [
			""
		],
		"link": "",
		"numberOfBlocks": 244,
		"numberOfBranches": 297,
		"numberOfCriticalInstructions": {
			"CALL": 4
		}
	},
	{
		"file": "0x7fce2856899a6806eeef70807985fc7554c66340.sol",
		"name": "CLPToken",
		"weaknesses": [
			""
		],
		"link": "",
		"numberOfBlocks": 263,
		"numberOfBranches": 327,
		"numberOfCriticalInstructions": {}
	},
	{
		"file": "0xb57919aebb30812ae188dbe238bc907d56ba4a3a.sol",
		"name": "EveryCoin",
		"weaknesses": [
			""
		],
		"link": "",
		"numberOfBlocks": 209,
		"numberOfBranches": 240,
		"numberOfCriticalInstructions": {
			"CALL": 2,
			"CALLCODE": 1
		}
	},
	{
		"file": "0xa6f53672a40ab4ef7ffd8497d8abb843718ecb22.sol",
		"name": "CASAS",
		"weaknesses": [
			""
		],
		"link": "",
		"numberOfBlocks": 254,
		"numberOfBranches": 298,
		"numberOfCriticalInstructions": {
			"CALL": 4
		}
	},
	{
		"file": "0x14ddda446688b73161aa1382f4e4343353af6fc8.sol",
		"name": "FXPay",
		"weaknesses": [
			""
		],
		"link": "",
		"numberOfBlocks": 178,
		"numberOfBranches": 213,
		"numberOfCriticalInstructions": {
			"CALLCODE": 1
		}
	},
	{
		"file": "0x984c134a8809571993fd1573fb99f06dc61e216f.sol",
		"name": "ArtChainToken",
		"weaknesses": [
			""
		],
		"link": "",
		"numberOfBlocks": 320,
		"numberOfBranches": 455,
		"numberOfCriticalInstructions": {}
	},
	{
		"file": "0x1234567461d3f8db7496581774bd869c83d51c93.sol",
		"name": "CAToken",
		"weaknesses": [
			""
		],
		"link": "",
		"numberOfBlocks": 239,
		"numberOfBranches": 277,
		"numberOfCriticalInstructions": {}
	},
	{
		"file": "0xf93be1f6c7336e78f4a3859a9d01f44595a82ab4.sol",
		"name": "Plugins",
		"weaknesses": [
			""
		],
		"link": "",
		"numberOfBlocks": 309,
		"numberOfBranches": 351,
		"numberOfCriticalInstructions": {
			"CALL": 13
		}
	},
	{
		"file": "0x2d184014b5658c453443aa87c8e9c4d57285620b.sol",
		"name": "JSEToken",
		"weaknesses": [
			""
		],
		"link": "",
		"numberOfBlocks": 280,
		"numberOfBranches": 388,
		"numberOfCriticalInstructions": {
			"CALL": 3,
			"CALLCODE": 2
		}
	},
	{
		"file": "0x539efe69bcdd21a83efd9122571a64cc25e0282b.sol",
		"name": "BLUECoin",
		"weaknesses": [
			""
		],
		"link": "",
		"numberOfBlocks": 179,
		"numberOfBranches": 213,
		"numberOfCriticalInstructions": {}
	},
	{
		"file": "0x11c039f368606d91664bfd10137b00eee13cde77.sol",
		"name": "A2AToken",
		"weaknesses": [
			""
		],
		"link": "",
		"numberOfBlocks": 243,
		"numberOfBranches": 300,
		"numberOfCriticalInstructions": {}
	},
	{
		"file": "0xc88be04c809856b75e3dfe19eb4dcf0a3b15317a.sol",
		"name": "BankcoinCash",
		"weaknesses": [
			""
		],
		"link": "",
		"numberOfBlocks": 311,
		"numberOfBranches": 366,
		"numberOfCriticalInstructions": {
			"CALL": 4
		}
	},
	{
		"file": "0xaf8a215e81faea7c180ce22b72483525121813bd.sol",
		"name": "EGCCToken",
		"weaknesses": [
			""
		],
		"link": "",
		"numberOfBlocks": 205,
		"numberOfBranches": 245,
		"numberOfCriticalInstructions": {
			"CALL": 1
		}
	},
	{
		"file": "0xe12128d653b62f08fbed56bdeb65db729b6691c3.sol",
		"name": "BreezeCoin",
		"weaknesses": [
			""
		],
		"link": "",
		"numberOfBlocks": 177,
		"numberOfBranches": 211,
		"numberOfCriticalInstructions": {}
	},
	{
		"file": "0xd2d0f85b690604c245f61513bf4679b24ed64c35.sol",
		"name": "BFDToken",
		"weaknesses": [
			""
		],
		"link": "",
		"numberOfBlocks": 258,
		"numberOfBranches": 375,
		"numberOfCriticalInstructions": {}
	},
	{
		"file": "0x9457725777a69922af16f3f3d58a92dae1995856.sol",
		"name": "TTBToken",
		"weaknesses": [
			""
		],
		"link": "",
		"numberOfBlocks": 139,
		"numberOfBranches": 160,
		"numberOfCriticalInstructions": {
			"CALL": 1
		}
	},
	{
		"file": "0x05cf67329a262818e67c080e9d511a34d36152c0.sol",
		"name": "MultiSigWallet",
		"weaknesses": [
			""
		],
		"link": "",
		"numberOfBlocks": 308,
		"numberOfBranches": 386,
		"numberOfCriticalInstructions": {
			"CALL": 1
		}
	},
	{
		"file": "0xc77b230f31b517f1ef362e59c173c2be6540b5e8.sol",
		"name": "VidyCoin",
		"weaknesses": [
			""
		],
		"link": "",
		"numberOfBlocks": 188,
		"numberOfBranches": 223,
		"numberOfCriticalInstructions": {}
	},
	{
		"file": "0xe2d82dc7da0e6f882e96846451f4fabcc8f90528.sol",
		"name": "JesusCoin",
		"weaknesses": [
			""
		],
		"link": "",
		"numberOfBlocks": 172,
		"numberOfBranches": 194,
		"numberOfCriticalInstructions": {
			"CALL": 2,
			"SELFDESTRUCT": 1
		}
	},
	{
		"file": "0x9d9832d1beb29cc949d75d61415fd00279f84dc2.sol",
		"name": "DNNToken",
		"weaknesses": [
			""
		],
		"link": "",
		"numberOfBlocks": 415,
		"numberOfBranches": 545,
		"numberOfCriticalInstructions": {
			"CALL": 1,
			"CALLCODE": 1,
			"SELFDESTRUCT": 1
		}
	},
	{
		"file": "0x3afa1902b1f8a802abc18e5ad982d1bcd34afe22.sol",
		"name": "GSToken",
		"weaknesses": [
			""
		],
		"link": "",
		"numberOfBlocks": 244,
		"numberOfBranches": 332,
		"numberOfCriticalInstructions": {
			"CALLCODE": 1
		}
	},
	{
		"file": "0x018d7d179350f1bb9853d04982820e37cce13a92.sol",
		"name": "INXToken",
		"weaknesses": [
			""
		],
		"link": "",
		"numberOfBlocks": 386,
		"numberOfBranches": 466,
		"numberOfCriticalInstructions": {
			"CALL": 5,
			"CALLCODE": 1
		}
	},
	{
		"file": "0x5f3789907b35dce5605b00c0be0a7ecdbfa8a841.sol",
		"name": "ContentAdNetworkToken",
		"weaknesses": [
			""
		],
		"link": "",
		"numberOfBlocks": 223,
		"numberOfBranches": 256,
		"numberOfCriticalInstructions": {
			"CALL": 4,
			"CALLCODE": 1
		}
	},
	{
		"file": "0x1dea979ae76f26071870f824088da78979eb91c8.sol",
		"name": "SpindleToken",
		"weaknesses": [
			""
		],
		"link": "",
		"numberOfBlocks": 257,
		"numberOfBranches": 345,
		"numberOfCriticalInstructions": {
			"DELEGATECALL": 1
		}
	},
	{
		"file": "0x4355fc160f74328f9b383df2ec589bb3dfd82ba0.sol",
		"name": "OpusToken",
		"weaknesses": [
			""
		],
		"link": "",
		"numberOfBlocks": 361,
		"numberOfBranches": 541,
		"numberOfCriticalInstructions": {
			"CALL": 3,
			"CALLCODE": 1
		}
	},
	{
		"file": "0xff1f9c77a0f1fd8f48cfeee58b714ca03420ddac.sol",
		"name": "E4RowEscrow",
		"weaknesses": [
			""
		],
		"link": "",
		"numberOfBlocks": 397,
		"numberOfBranches": 524,
		"numberOfCriticalInstructions": {
			"CALL": 5,
			"SELFDESTRUCT": 1
		}
	},
	{
		"file": "0xc5903fe72a9530e4382187f729ccc050d7e89fae.sol",
		"name": "Tablow",
		"weaknesses": [
			""
		],
		"link": "",
		"numberOfBlocks": 342,
		"numberOfBranches": 430,
		"numberOfCriticalInstructions": {
			"CALL": 5,
			"CALLCODE": 1
		}
	},
	{
		"file": "0x86e6a4f512b1290c043970b04e0b570d4fc98291.sol",
		"name": "IntelliShare",
		"weaknesses": [
			""
		],
		"link": "",
		"numberOfBlocks": 241,
		"numberOfBranches": 279,
		"numberOfCriticalInstructions": {
			"CALL": 1
		}
	},
	{
		"file": "0xd559f20296ff4895da39b5bd9add54b442596a61.sol",
		"name": "FTXToken",
		"weaknesses": [
			""
		],
		"link": "",
		"numberOfBlocks": 272,
		"numberOfBranches": 322,
		"numberOfCriticalInstructions": {
			"CALL": 2,
			"SELFDESTRUCT": 1
		}
	},
	{
		"file": "0x5972b6cf589f67b362a529433c012185fbae8cfc.sol",
		"name": "HKDCChain",
		"weaknesses": [
			""
		],
		"link": "",
		"numberOfBlocks": 323,
		"numberOfBranches": 376,
		"numberOfCriticalInstructions": {
			"CALL": 5,
			"CALLCODE": 1,
			"SELFDESTRUCT": 1
		}
	},
	{
		"file": "0xddaaf4a0702a03a4505f2352a1aba001ffc344be.sol",
		"name": "ATCCOIN",
		"weaknesses": [
			""
		],
		"link": "",
		"numberOfBlocks": 214,
		"numberOfBranches": 270,
		"numberOfCriticalInstructions": {
			"CALL": 1,
			"CALLCODE": 1
		}
	},
	{
		"file": "0x798f509bade66b9f20980abb0dcc024ca7afc530.sol",
		"name": "ZenAD",
		"weaknesses": [
			""
		],
		"link": "",
		"numberOfBlocks": 323,
		"numberOfBranches": 394,
		"numberOfCriticalInstructions": {
			"CALL": 4
		}
	},
	{
		"file": "0xa8daa52ded91f7c82b4bb02b4b87c6a841db1fd5.sol",
		"name": "Biograffi",
		"weaknesses": [
			""
		],
		"link": "",
		"numberOfBlocks": 311,
		"numberOfBranches": 366,
		"numberOfCriticalInstructions": {
			"CALL": 4
		}
	},
	{
		"file": "0xfa7c200d0c1e6f0117ffc7b2f2485c53fd4c1ac4.sol",
		"name": "CYBERSAFETY",
		"weaknesses": [
			""
		],
		"link": "",
		"numberOfBlocks": 243,
		"numberOfBranches": 292,
		"numberOfCriticalInstructions": {
			"CALL": 5,
			"CALLCODE": 1
		}
	},
	{
		"file": "0x5102791ca02fc3595398400bfe0e33d7b6c82267.sol",
		"name": "LeadcoinSmartToken",
		"weaknesses": [
			""
		],
		"link": "",
		"numberOfBlocks": 237,
		"numberOfBranches": 323,
		"numberOfCriticalInstructions": {
			"CALL": 2,
			"CALLCODE": 1
		}
	},
	{
		"file": "0xfb5a551374b656c6e39787b1d3a03feab7f3a98e.sol",
		"name": "TosToken",
		"weaknesses": [
			""
		],
		"link": "",
		"numberOfBlocks": 266,
		"numberOfBranches": 309,
		"numberOfCriticalInstructions": {
			"CALL": 1
		}
	},
	{
		"file": "0x6c6ee5e31d828de241282b9606c8e98ea48526e2.sol",
		"name": "HoloToken",
		"weaknesses": [
			""
		],
		"link": "",
		"numberOfBlocks": 189,
		"numberOfBranches": 218,
		"numberOfCriticalInstructions": {}
	},
	{
		"file": "0x4f9254c83eb525f9fcf346490bbb3ed28a81c667.sol",
		"name": "CelerToken",
		"weaknesses": [
			""
		],
		"link": "",
		"numberOfBlocks": 246,
		"numberOfBranches": 286,
		"numberOfCriticalInstructions": {}
	},
	{
		"file": "0x6ff73ee2255c30e072d35598f9b06795122d4e64.sol",
		"name": "DigitalEnthusiasts",
		"weaknesses": [
			""
		],
		"link": "",
		"numberOfBlocks": 229,
		"numberOfBranches": 268,
		"numberOfCriticalInstructions": {
			"CALL": 5
		}
	},
	{
		"file": "0x898bf39cd67658bd63577fb00a2a3571daecbc53.sol",
		"name": "elixor",
		"weaknesses": [
			""
		],
		"link": "",
		"numberOfBlocks": 301,
		"numberOfBranches": 378,
		"numberOfCriticalInstructions": {
			"CALL": 3
		}
	},
	{
		"file": "0x54f0e3b0d7ccbb65e56d166350aa86f7e71ce20b.sol",
		"name": "Veen",
		"weaknesses": [
			""
		],
		"link": "",
		"numberOfBlocks": 227,
		"numberOfBranches": 343,
		"numberOfCriticalInstructions": {
			"CALL": 1
		}
	},
	{
		"file": "0xafb559485401f81fcab7af7f5b5f6dd3b962c63f.sol",
		"name": "LUMAXCOIN",
		"weaknesses": [
			""
		],
		"link": "",
		"numberOfBlocks": 212,
		"numberOfBranches": 268,
		"numberOfCriticalInstructions": {
			"CALL": 1,
			"CALLCODE": 1
		}
	},
	{
		"file": "0x8d2da938d6f717eb5d84f68bb0eca7584c8faf2a.sol",
		"name": "STCDR",
		"weaknesses": [
			""
		],
		"link": "",
		"numberOfBlocks": 205,
		"numberOfBranches": 260,
		"numberOfCriticalInstructions": {}
	},
	{
		"file": "0xeb72f169016fec42b63ae5e87207f0fb274408c7.sol",
		"name": "MidexToken",
		"weaknesses": [
			""
		],
		"link": "",
		"numberOfBlocks": 212,
		"numberOfBranches": 248,
		"numberOfCriticalInstructions": {
			"CALL": 1
		}
	},
	{
		"file": "0xd2bd6415db70a0f0b26c973b15b63bac74f5c9c6.sol",
		"name": "BTAToken",
		"weaknesses": [
			""
		],
		"link": "",
		"numberOfBlocks": 193,
		"numberOfBranches": 231,
		"numberOfCriticalInstructions": {}
	},
	{
		"file": "0x275b69aa7c8c1d648a0557656bce1c286e69a29d.sol",
		"name": "Enumivo",
		"weaknesses": [
			""
		],
		"link": "",
		"numberOfBlocks": 306,
		"numberOfBranches": 360,
		"numberOfCriticalInstructions": {
			"CALL": 4
		}
	},
	{
		"file": "0x55f93985431fc9304077687a35a1ba103dc1e081.sol",
		"name": "SMT",
		"weaknesses": [
			""
		],
		"link": "",
		"numberOfBlocks": 249,
		"numberOfBranches": 295,
		"numberOfCriticalInstructions": {
			"CALL": 5,
			"CALLCODE": 1
		}
	},
	{
		"file": "0xb1ed41dc1fe9b723a31137afdd1201d17917fe91.sol",
		"name": "AlttexToken",
		"weaknesses": [
			""
		],
		"link": "",
		"numberOfBlocks": 250,
		"numberOfBranches": 288,
		"numberOfCriticalInstructions": {
			"CALL": 2,
			"CALLCODE": 1
		}
	},
	{
		"file": "0x20f7a3ddf244dc9299975b4da1c39f8d5d75f05a.sol",
		"name": "SapienToken",
		"weaknesses": [
			""
		],
		"link": "",
		"numberOfBlocks": 239,
		"numberOfBranches": 288,
		"numberOfCriticalInstructions": {
			"CALL": 4
		}
	},
	{
		"file": "0x588047365df5ba589f923604aac23d673555c623.sol",
		"name": "NaviToken",
		"weaknesses": [
			""
		],
		"link": "",
		"numberOfBlocks": 270,
		"numberOfBranches": 357,
		"numberOfCriticalInstructions": {
			"CALL": 1,
			"CALLCODE": 1
		}
	},
	{
		"file": "0x77599d2c6db170224243e255e6669280f11f1473.sol",
		"name": "Opacity",
		"weaknesses": [
			""
		],
		"link": "",
		"numberOfBlocks": 274,
		"numberOfBranches": 312,
		"numberOfCriticalInstructions": {
			"CALL": 2,
			"DELEGATECALL": 1
		}
	},
	{
		"file": "0x54e5fd5f3163709e0601a8ee09cf698f7019c9ae.sol",
		"name": "MyToken",
		"weaknesses": [
			""
		],
		"link": "",
		"numberOfBlocks": 223,
		"numberOfBranches": 306,
		"numberOfCriticalInstructions": {
			"CALL": 1,
			"CALLCODE": 1
		}
	},
	{
		"file": "0xd53370acf66044910bb49cbcfe8f3cd020337f60.sol",
		"name": "SEN",
		"weaknesses": [
			""
		],
		"link": "",
		"numberOfBlocks": 345,
		"numberOfBranches": 452,
		"numberOfCriticalInstructions": {
			"CALL": 8
		}
	},
	{
		"file": "0x41a322b28d0ff354040e2cbc676f0320d8c8850d.sol",
		"name": "SupeRare",
		"weaknesses": [
			""
		],
		"link": "",
		"numberOfBlocks": 353,
		"numberOfBranches": 714,
		"numberOfCriticalInstructions": {
			"CALL": 5
		}
	},
	{
		"file": "0xffa93aacf49297d51e211817452839052fdfb961.sol",
		"name": "DistributedCreditChain",
		"weaknesses": [
			""
		],
		"link": "",
		"numberOfBlocks": 227,
		"numberOfBranches": 273,
		"numberOfCriticalInstructions": {}
	},
	{
		"file": "0x5aef06ec39e98c05201ee1e54b653c372ecb9cf3.sol",
		"name": "FALCON",
		"weaknesses": [
			""
		],
		"link": "",
		"numberOfBlocks": 313,
		"numberOfBranches": 378,
		"numberOfCriticalInstructions": {
			"CALL": 4
		}
	},
	{
		"file": "0x1d41e18e8ed1ef148547ceade01912e638f464b8.sol",
		"name": "Casper",
		"weaknesses": [
			""
		],
		"link": "",
		"numberOfBlocks": 213,
		"numberOfBranches": 250,
		"numberOfCriticalInstructions": {
			"CALL": 4
		}
	},
	{
		"file": "0x100c2982e01679be991428448a7b8371af0cf478.sol",
		"name": "EveryToken",
		"weaknesses": [
			""
		],
		"link": "",
		"numberOfBlocks": 207,
		"numberOfBranches": 240,
		"numberOfCriticalInstructions": {}
	},
	{
		"file": "0xb3775fb83f7d12a36e0475abdd1fca35c091efbe.sol",
		"name": "Hourglass",
		"weaknesses": [
			""
		],
		"link": "",
		"numberOfBlocks": 343,
		"numberOfBranches": 504,
		"numberOfCriticalInstructions": {
			"CALL": 2
		}
	},
	{
		"file": "0xdf6ef343350780bf8c3410bf062e0c015b1dd671.sol",
		"name": "BMCAssetProxy",
		"weaknesses": [
			""
		],
		"link": "",
		"numberOfBlocks": 313,
		"numberOfBranches": 403,
		"numberOfCriticalInstructions": {
			"CALL": 12
		}
	},
	{
		"file": "0xfc0555aca4a78be9668993b39739d1d2616c75b0.sol",
		"name": "PFAToken",
		"weaknesses": [
			""
		],
		"link": "",
		"numberOfBlocks": 247,
		"numberOfBranches": 296,
		"numberOfCriticalInstructions": {
			"CALL": 3,
			"CALLCODE": 1
		}
	},
	{
		"file": "0x81e74a3ea4bab2277aa3b941e9d9f37b08ac5374.sol",
		"name": "ifoodToken",
		"weaknesses": [
			""
		],
		"link": "",
		"numberOfBlocks": 306,
		"numberOfBranches": 350,
		"numberOfCriticalInstructions": {
			"CALL": 1,
			"CALLCODE": 1
		}
	},
	{
		"file": "0xd54661c39362c2f1137f42307036f5b75a722a20.sol",
		"name": "imchain",
		"weaknesses": [
			""
		],
		"link": "",
		"numberOfBlocks": 244,
		"numberOfBranches": 304,
		"numberOfCriticalInstructions": {
			"CALL": 4
		}
	},
	{
		"file": "0x5ca381bbfb58f0092df149bd3d243b08b9a8386e.sol",
		"name": "MXCToken",
		"weaknesses": [
			""
		],
		"link": "",
		"numberOfBlocks": 194,
		"numberOfBranches": 262,
		"numberOfCriticalInstructions": {}
	},
	{
		"file": "0xb0ca787f8cf38f077e8201b05378da230a8b462f.sol",
		"name": "CustomToken",
		"weaknesses": [
			""
		],
		"link": "",
		"numberOfBlocks": 200,
		"numberOfBranches": 235,
		"numberOfCriticalInstructions": {
			"DELEGATECALL": 1
		}
	},
	{
		"file": "0x4c0fbe1bb46612915e7967d2c3213cd4d87257ad.sol",
		"name": "ApisToken",
		"weaknesses": [
			""
		],
		"link": "",
		"numberOfBlocks": 254,
		"numberOfBranches": 304,
		"numberOfCriticalInstructions": {}
	},
	{
		"file": "0xe57cf6e88505f36954e7c8e6ca9d6b645d030375.sol",
		"name": "Exera",
		"weaknesses": [
			""
		],
		"link": "",
		"numberOfBlocks": 306,
		"numberOfBranches": 360,
		"numberOfCriticalInstructions": {
			"CALL": 4
		}
	},
	{
		"file": "0x8a88f04e0c905054d2f33b26bb3a46d7091a039a.sol",
		"name": "IG",
		"weaknesses": [
			""
		],
		"link": "",
		"numberOfBlocks": 209,
		"numberOfBranches": 246,
		"numberOfCriticalInstructions": {
			"CALL": 4
		}
	},
	{
		"file": "0x7444e28d8d8db540054271b1e9a9c2573aaf01b7.sol",
		"name": "PUMPHODL",
		"weaknesses": [
			""
		],
		"link": "",
		"numberOfBlocks": 306,
		"numberOfBranches": 360,
		"numberOfCriticalInstructions": {
			"CALL": 4
		}
	},
	{
		"file": "0xffe8196bc259e8dedc544d935786aa4709ec3e64.sol",
		"name": "Hedge",
		"weaknesses": [
			""
		],
		"link": "",
		"numberOfBlocks": 201,
		"numberOfBranches": 241,
		"numberOfCriticalInstructions": {
			"CALL": 1
		}
	},
	{
		"file": "0x52928c95c4c7e934e0efcfab08853a0e4558861d.sol",
		"name": "HaraToken",
		"weaknesses": [
			""
		],
		"link": "",
		"numberOfBlocks": 235,
		"numberOfBranches": 289,
		"numberOfCriticalInstructions": {
			"CALL": 1,
			"CALLCODE": 1,
			"SELFDESTRUCT": 1
		}
	},
	{
		"file": "0x59c337ef937d0ba9cb1cc47d4e6ded632d22d623.sol",
		"name": "TCH",
		"weaknesses": [
			""
		],
		"link": "",
		"numberOfBlocks": 203,
		"numberOfBranches": 240,
		"numberOfCriticalInstructions": {
			"CALL": 3,
			"CALLCODE": 1
		}
	},
	{
		"file": "0x9a9bb9b4b11bf8eccff84b58a6ccccd4058a7f0d.sol",
		"name": "BitcoinCard",
		"weaknesses": [
			""
		],
		"link": "",
		"numberOfBlocks": 311,
		"numberOfBranches": 366,
		"numberOfCriticalInstructions": {
			"CALL": 4
		}
	},
	{
		"file": "0xd37532d304214d588aeeac4c365e8f1d72e2304a.sol",
		"name": "FCoinToken",
		"weaknesses": [
			""
		],
		"link": "",
		"numberOfBlocks": 225,
		"numberOfBranches": 255,
		"numberOfCriticalInstructions": {}
	},
	{
		"file": "0xe530441f4f73bdb6dc2fa5af7c3fc5fd551ec838.sol",
		"name": "GSENetwork",
		"weaknesses": [
			""
		],
		"link": "",
		"numberOfBlocks": 188,
		"numberOfBranches": 213,
		"numberOfCriticalInstructions": {
			"DELEGATECALL": 1
		}
	},
	{
		"file": "0x9f949124e2a23492005a9bb937acb29bda2cab9e.sol",
		"name": "CmmeToken",
		"weaknesses": [
			""
		],
		"link": "",
		"numberOfBlocks": 169,
		"numberOfBranches": 205,
		"numberOfCriticalInstructions": {
			"CALL": 1,
			"CALLCODE": 1
		}
	},
	{
		"file": "0xca14e435f1048569dab3264de3c6be764b29da2d.sol",
		"name": "MAS",
		"weaknesses": [
			""
		],
		"link": "",
		"numberOfBlocks": 199,
		"numberOfBranches": 248,
		"numberOfCriticalInstructions": {
			"CALL": 1
		}
	},
	{
		"file": "0x1961b3331969ed52770751fc718ef530838b6dee.sol",
		"name": "BitDegreeToken",
		"weaknesses": [
			""
		],
		"link": "",
		"numberOfBlocks": 233,
		"numberOfBranches": 289,
		"numberOfCriticalInstructions": {}
	},
	{
		"file": "0x6bd50f3589916783b5366262d51700ee81d31b7e.sol",
		"name": "Marijuana",
		"weaknesses": [
			""
		],
		"link": "",
		"numberOfBlocks": 306,
		"numberOfBranches": 360,
		"numberOfCriticalInstructions": {
			"CALL": 4,
			"SELFDESTRUCT": 1
		}
	},
	{
		"file": "0x98d8d146e644171cd47ff8588987b7bdeef72a87.sol",
		"name": "BXAToken",
		"weaknesses": [
			""
		],
		"link": "",
		"numberOfBlocks": 259,
		"numberOfBranches": 313,
		"numberOfCriticalInstructions": {
			"CALL": 1,
			"CALLCODE": 1
		}
	},
	{
		"file": "0x006bea43baa3f7a6f765f14f10a1a1b08334ef45.sol",
		"name": "StoxSmartToken",
		"weaknesses": [
			""
		],
		"link": "",
		"numberOfBlocks": 201,
		"numberOfBranches": 237,
		"numberOfCriticalInstructions": {
			"CALL": 2,
			"CALLCODE": 1
		}
	},
	{
		"file": "0x1c1c14a6b5074905ce5d367b0a7e098b58ebfd47.sol",
		"name": "FidexToken",
		"weaknesses": [
			""
		],
		"link": "",
		"numberOfBlocks": 262,
		"numberOfBranches": 311,
		"numberOfCriticalInstructions": {
			"CALL": 5,
			"CALLCODE": 1
		}
	},
	{
		"file": "0x5732046a883704404f284ce41ffadd5b007fd668.sol",
		"name": "BluzelleToken",
		"weaknesses": [
			""
		],
		"link": "",
		"numberOfBlocks": 225,
		"numberOfBranches": 300,
		"numberOfCriticalInstructions": {}
	},
	{
		"file": "0x999d332eee57452cf07bceec365fd35ba5c142cb.sol",
		"name": "HYIPRETHPRO440",
		"weaknesses": [
			""
		],
		"link": "",
		"numberOfBlocks": 412,
		"numberOfBranches": 606,
		"numberOfCriticalInstructions": {
			"CALL": 14
		}
	},
	{
		"file": "0xf18432ef894ef4b2a5726f933718f5a8cf9ff831.sol",
		"name": "bioCryptToken",
		"weaknesses": [
			""
		],
		"link": "",
		"numberOfBlocks": 279,
		"numberOfBranches": 319,
		"numberOfCriticalInstructions": {
			"CALL": 4
		}
	},
	{
		"file": "0x589891a198195061cb8ad1a75357a3b7dbadd7bc.sol",
		"name": "COSToken",
		"weaknesses": [
			""
		],
		"link": "",
		"numberOfBlocks": 258,
		"numberOfBranches": 305,
		"numberOfCriticalInstructions": {
			"CALL": 1
		}
	},
	{
		"file": "0x7b02c6118baefe500058cfc07d708fb404ef5bc6.sol",
		"name": "TryminexToken",
		"weaknesses": [
			""
		],
		"link": "",
		"numberOfBlocks": 225,
		"numberOfBranches": 255,
		"numberOfCriticalInstructions": {}
	},
	{
		"file": "0x74fd51a98a4a1ecbef8cc43be801cce630e260bd.sol",
		"name": "SiaCashCoin",
		"weaknesses": [
			""
		],
		"link": "",
		"numberOfBlocks": 213,
		"numberOfBranches": 250,
		"numberOfCriticalInstructions": {
			"CALL": 4
		}
	},
	{
		"file": "0x01f2acf2914860331c1cb1a9acecda7475e06af8.sol",
		"name": "MESH",
		"weaknesses": [
			""
		],
		"link": "",
		"numberOfBlocks": 275,
		"numberOfBranches": 330,
		"numberOfCriticalInstructions": {
			"CALL": 6,
			"CALLCODE": 1
		}
	},
	{
		"file": "0x264dc2dedcdcbb897561a57cba5085ca416fb7b4.sol",
		"name": "QunQunToken",
		"weaknesses": [
			""
		],
		"link": "",
		"numberOfBlocks": 139,
		"numberOfBranches": 160,
		"numberOfCriticalInstructions": {
			"CALL": 1
		}
	},
	{
		"file": "0x68d57c9a1c35f63e2c83ee8e49a64e9d70528d25.sol",
		"name": "SirinSmartToken",
		"weaknesses": [
			""
		],
		"link": "",
		"numberOfBlocks": 215,
		"numberOfBranches": 303,
		"numberOfCriticalInstructions": {
			"CALL": 1,
			"CALLCODE": 1
		}
	},
	{
		"file": "0xeef8102a0d46d508f171d7323bceffc592835f13.sol",
		"name": "KriosCoin",
		"weaknesses": [
			""
		],
		"link": "",
		"numberOfBlocks": 168,
		"numberOfBranches": 198,
		"numberOfCriticalInstructions": {}
	},
	{
		"file": "0xdc30a5baf62f3ce8d7e74a272bc139fbb7a0cab4.sol",
		"name": "OF",
		"weaknesses": [
			""
		],
		"link": "",
		"numberOfBlocks": 213,
		"numberOfBranches": 250,
		"numberOfCriticalInstructions": {
			"CALL": 4
		}
	},
	{
		"file": "0xd8f93d967fa21a0a826a3bd4601ada4bb468823d.sol",
		"name": "KPC8",
		"weaknesses": [
			""
		],
		"link": "",
		"numberOfBlocks": 226,
		"numberOfBranches": 309,
		"numberOfCriticalInstructions": {}
	},
	{
		"file": "0xbb1f24c0c1554b9990222f036b0aad6ee4caec29.sol",
		"name": "CryptosoulToken",
		"weaknesses": [
			""
		],
		"link": "",
		"numberOfBlocks": 258,
		"numberOfBranches": 313,
		"numberOfCriticalInstructions": {}
	},
	{
		"file": "0x47da42696a866cdc61a4c809a515500a242909c1.sol",
		"name": "BITToken",
		"weaknesses": [
			""
		],
		"link": "",
		"numberOfBlocks": 233,
		"numberOfBranches": 275,
		"numberOfCriticalInstructions": {
			"CALL": 2,
			"SELFDESTRUCT": 1
		}
	},
	{
		"file": "0x1844b21593262668b7248d0f57a220caaba46ab9.sol",
		"name": "OysterPearl",
		"weaknesses": [
			""
		],
		"link": "",
		"numberOfBlocks": 299,
		"numberOfBranches": 340,
		"numberOfCriticalInstructions": {
			"CALL": 3,
			"CALLCODE": 1
		}
	},
	{
		"file": "0xa5409ec958c83c3f309868babaca7c86dcb077c1.sol",
		"name": "WyvernProxyRegistry",
		"weaknesses": [
			""
		],
		"link": "",
		"numberOfBlocks": 166,
		"numberOfBranches": 182,
		"numberOfCriticalInstructions": {
			"DELEGATECALL": 3
		}
	},
	{
		"file": "0x781fb4f25d07de3f3cfe2476645e52e0c661eefc.sol",
		"name": "CryptoCurrencyNetwork",
		"weaknesses": [
			""
		],
		"link": "",
		"numberOfBlocks": 218,
		"numberOfBranches": 256,
		"numberOfCriticalInstructions": {
			"CALL": 4
		}
	},
	{
		"file": "0x5d51fcced3114a8bb5e90cdd0f9d682bcbcc5393.sol",
		"name": "SmartToken",
		"weaknesses": [
			""
		],
		"link": "",
		"numberOfBlocks": 243,
		"numberOfBranches": 289,
		"numberOfCriticalInstructions": {
			"CALL": 1,
			"CALLCODE": 1
		}
	},
	{
		"file": "0xff603f43946a3a28df5e6a73172555d8c8b02386.sol",
		"name": "HumanStandardToken",
		"weaknesses": [
			""
		],
		"link": "",
		"numberOfBlocks": 175,
		"numberOfBranches": 208,
		"numberOfCriticalInstructions": {
			"CALL": 1
		}
	},
	{
		"file": "0x7a6542e629630a6a2c89ccce098386dcec39f6cf.sol",
		"name": "XEN",
		"weaknesses": [
			""
		],
		"link": "",
		"numberOfBlocks": 306,
		"numberOfBranches": 360,
		"numberOfCriticalInstructions": {
			"CALL": 4
		}
	},
	{
		"file": "0xfa456cf55250a839088b27ee32a424d7dacb54ff.sol",
		"name": "blocktrade",
		"weaknesses": [
			""
		],
		"link": "",
		"numberOfBlocks": 323,
		"numberOfBranches": 398,
		"numberOfCriticalInstructions": {
			"DELEGATECALL": 1
		}
	},
	{
		"file": "0x36d10c6800d569bb8c4fe284a05ffe3b752f972c.sol",
		"name": "WeShowToken",
		"weaknesses": [
			""
		],
		"link": "",
		"numberOfBlocks": 194,
		"numberOfBranches": 224,
		"numberOfCriticalInstructions": {
			"CALL": 2,
			"DELEGATECALL": 1
		}
	},
	{
		"file": "0x7cbc8ee27ffdba230dd316160ea01d565f17aacb.sol",
		"name": "ARISTO",
		"weaknesses": [
			""
		],
		"link": "",
		"numberOfBlocks": 215,
		"numberOfBranches": 271,
		"numberOfCriticalInstructions": {
			"CALL": 1,
			"CALLCODE": 1
		}
	},
	{
		"file": "0x4092678e4e78230f46a1534c0fbc8fa39780892b.sol",
		"name": "OCoin",
		"weaknesses": [
			""
		],
		"link": "",
		"numberOfBlocks": 190,
		"numberOfBranches": 221,
		"numberOfCriticalInstructions": {}
	},
	{
		"file": "0xcf8335727b776d190f9d15a54e6b9b9348439eee.sol",
		"name": "Epstein",
		"weaknesses": [
			""
		],
		"link": "",
		"numberOfBlocks": 173,
		"numberOfBranches": 211,
		"numberOfCriticalInstructions": {
			"CALL": 3,
			"CALLCODE": 1,
			"SELFDESTRUCT": 1
		}
	},
	{
		"file": "0x088dfd01e4e279d9b9b89690dc1682c89fee1dcb.sol",
		"name": "LUMA",
		"weaknesses": [
			""
		],
		"link": "",
		"numberOfBlocks": 302,
		"numberOfBranches": 356,
		"numberOfCriticalInstructions": {
			"CALL": 5
		}
	},
	{
		"file": "0x500565e098d98a273224ec8fb33d98dc8946f8b9.sol",
		"name": "GameCellCoin",
		"weaknesses": [
			""
		],
		"link": "",
		"numberOfBlocks": 281,
		"numberOfBranches": 330,
		"numberOfCriticalInstructions": {}
	},
	{
		"file": "0x8542325b72c6d9fc0ad2ca965a78435413a915a0.sol",
		"name": "OysterShell",
		"weaknesses": [
			""
		],
		"link": "",
		"numberOfBlocks": 265,
		"numberOfBranches": 303,
		"numberOfCriticalInstructions": {
			"CALL": 2,
			"DELEGATECALL": 1
		}
	},
	{
		"file": "0xbf3f09e4eba5f7805e5fac0ee09fd6ee8eebe4cb.sol",
		"name": "BGXToken",
		"weaknesses": [
			""
		],
		"link": "",
		"numberOfBlocks": 213,
		"numberOfBranches": 253,
		"numberOfCriticalInstructions": {
			"CALL": 3
		}
	},
	{
		"file": "0x642f4be6da9d9daa9076f8d161b15a166e966069.sol",
		"name": "JACToken",
		"weaknesses": [
			""
		],
		"link": "",
		"numberOfBlocks": 200,
		"numberOfBranches": 239,
		"numberOfCriticalInstructions": {}
	},
	{
		"file": "0x9bbb9387c9e2477a6b5d81afece00255875c48ce.sol",
		"name": "InkPublicPresale",
		"weaknesses": [
			""
		],
		"link": "",
		"numberOfBlocks": 345,
		"numberOfBranches": 434,
		"numberOfCriticalInstructions": {
			"CALL": 6
		}
	},
	{
		"file": "0xf1dd5964eabcc6e86230fa6f222677cfdaaf9f0e.sol",
		"name": "ThemisToken",
		"weaknesses": [
			""
		],
		"link": "",
		"numberOfBlocks": 170,
		"numberOfBranches": 196,
		"numberOfCriticalInstructions": {
			"DELEGATECALL": 1
		}
	},
	{
		"file": "0xd2946be786f35c3cc402c29b323647abda799071.sol",
		"name": "VikkyToken",
		"weaknesses": [
			""
		],
		"link": "",
		"numberOfBlocks": 238,
		"numberOfBranches": 284,
		"numberOfCriticalInstructions": {
			"CALL": 5,
			"CALLCODE": 1
		}
	},
	{
		"file": "0x6beb418fc6e1958204ac8baddcf109b8e9694966.sol",
		"name": "MyToken",
		"weaknesses": [
			""
		],
		"link": "",
		"numberOfBlocks": 357,
		"numberOfBranches": 537,
		"numberOfCriticalInstructions": {
			"CALL": 3,
			"CALLCODE": 1
		}
	},
	{
		"file": "0x4d3ddfee61326469a1b353920a313f226ea84314.sol",
		"name": "Aracle",
		"weaknesses": [
			""
		],
		"link": "",
		"numberOfBlocks": 213,
		"numberOfBranches": 250,
		"numberOfCriticalInstructions": {
			"CALL": 4
		}
	},
	{
		"file": "0x1d462811562cc3675375a6d00c1618a370c27836.sol",
		"name": "TheLibertyCoin",
		"weaknesses": [
			""
		],
		"link": "",
		"numberOfBlocks": 213,
		"numberOfBranches": 250,
		"numberOfCriticalInstructions": {
			"CALL": 4
		}
	},
	{
		"file": "0xce53a179047ebed80261689367c093c90a94cc08.sol",
		"name": "EDT",
		"weaknesses": [
			""
		],
		"link": "",
		"numberOfBlocks": 270,
		"numberOfBranches": 322,
		"numberOfCriticalInstructions": {
			"CALL": 2,
			"CALLCODE": 1
		}
	},
	{
		"file": "0x25caf15e1cc43e7bfa9853a68de463bfb0d27021.sol",
		"name": "NaturalEcoCoin",
		"weaknesses": [
			""
		],
		"link": "",
		"numberOfBlocks": 299,
		"numberOfBranches": 402,
		"numberOfCriticalInstructions": {
			"CALL": 2,
			"SELFDESTRUCT": 1
		}
	},
	{
		"file": "0x814f67fa286f7572b041d041b1d99b432c9155ee.sol",
		"name": "Dragon",
		"weaknesses": [
			""
		],
		"link": "",
		"numberOfBlocks": 192,
		"numberOfBranches": 222,
		"numberOfCriticalInstructions": {
			"CALL": 2
		}
	},
	{
		"file": "0x7723737d529c2b42e4d218ad7e0a20354fbc7071.sol",
		"name": "ReturMTokenPublic",
		"weaknesses": [
			""
		],
		"link": "",
		"numberOfBlocks": 152,
		"numberOfBranches": 189,
		"numberOfCriticalInstructions": {
			"CALL": 2
		}
	},
	{
		"file": "0xf34839b310097fcb4cf3a302dda8cc9b57501083.sol",
		"name": "SACO",
		"weaknesses": [
			""
		],
		"link": "",
		"numberOfBlocks": 218,
		"numberOfBranches": 256,
		"numberOfCriticalInstructions": {
			"CALL": 4
		}
	},
	{
		"file": "0x43ee79e379e7b78d871100ed696e803e7893b644.sol",
		"name": "UGToken",
		"weaknesses": [
			""
		],
		"link": "",
		"numberOfBlocks": 180,
		"numberOfBranches": 214,
		"numberOfCriticalInstructions": {
			"CALL": 5,
			"CALLCODE": 1
		}
	},
	{
		"file": "0x6531f133e6deebe7f2dce5a0441aa7ef330b4e53.sol",
		"name": "ChronoBankAssetProxy",
		"weaknesses": [
			""
		],
		"link": "",
		"numberOfBlocks": 309,
		"numberOfBranches": 391,
		"numberOfCriticalInstructions": {
			"CALL": 11
		}
	},
	{
		"file": "0xffe04344f48e7ca2ee5e25bf557ac88b1b769cb3.sol",
		"name": "STEToken",
		"weaknesses": [
			""
		],
		"link": "",
		"numberOfBlocks": 228,
		"numberOfBranches": 276,
		"numberOfCriticalInstructions": {}
	},
	{
		"file": "0x358d12436080a01a16f711014610f8a4c2c2d233.sol",
		"name": "PundiXToken",
		"weaknesses": [
			""
		],
		"link": "",
		"numberOfBlocks": 348,
		"numberOfBranches": 571,
		"numberOfCriticalInstructions": {
			"CALL": 2
		}
	},
	{
		"file": "0x22d1755515bef4afd277d8acd42adbac49c77d43.sol",
		"name": "ZeroXEth",
		"weaknesses": [
			""
		],
		"link": "",
		"numberOfBlocks": 306,
		"numberOfBranches": 360,
		"numberOfCriticalInstructions": {
			"CALL": 4
		}
	},
	{
		"file": "0x12fd19dac0fab61bed5e0f09091b470c452d4d61.sol",
		"name": "EC",
		"weaknesses": [
			""
		],
		"link": "",
		"numberOfBlocks": 259,
		"numberOfBranches": 315,
		"numberOfCriticalInstructions": {
			"CALL": 2,
			"CALLCODE": 1
		}
	},
	{
		"file": "0xbc34985b4d345aea933d5cac19f3a86bd1fb398f.sol",
		"name": "ZJLTToken",
		"weaknesses": [
			""
		],
		"link": "",
		"numberOfBlocks": 205,
		"numberOfBranches": 245,
		"numberOfCriticalInstructions": {
			"CALL": 1
		}
	},
	{
		"file": "0x1818409ff612a6d574ca979904396bb4b8ea6d51.sol",
		"name": "NewTokenSale",
		"weaknesses": [
			""
		],
		"link": "",
		"numberOfBlocks": 142,
		"numberOfBranches": 160,
		"numberOfCriticalInstructions": {
			"CALL": 7
		}
	},
	{
		"file": "0xe3c51fc064053ebc5a802e6f1d2897bf457c244f.sol",
		"name": "JAAGCoin",
		"weaknesses": [
			""
		],
		"link": "",
		"numberOfBlocks": 223,
		"numberOfBranches": 265,
		"numberOfCriticalInstructions": {
			"CALL": 1
		}
	},
	{
		"file": "0x5f937f2556fda10f5ebac54a902a93e5e7504c3e.sol",
		"name": "INTToken",
		"weaknesses": [
			""
		],
		"link": "",
		"numberOfBlocks": 290,
		"numberOfBranches": 411,
		"numberOfCriticalInstructions": {
			"CALL": 4
		}
	},
	{
		"file": "0xc5807256e2e2fe85ca94c3617c4bc5ff2bd9cfb6.sol",
		"name": "DragonCoin",
		"weaknesses": [
			""
		],
		"link": "",
		"numberOfBlocks": 260,
		"numberOfBranches": 313,
		"numberOfCriticalInstructions": {
			"CALL": 2,
			"CALLCODE": 1
		}
	},
	{
		"file": "0x0cfda67b0067f1a99deb1cb80e0273a3f26d317c.sol",
		"name": "TrekChain",
		"weaknesses": [
			""
		],
		"link": "",
		"numberOfBlocks": 214,
		"numberOfBranches": 251,
		"numberOfCriticalInstructions": {
			"CALL": 4
		}
	},
	{
		"file": "0x3930e4ddb4d24ef2f4cb54c1f009a3694b708428.sol",
		"name": "GameFanz",
		"weaknesses": [
			""
		],
		"link": "",
		"numberOfBlocks": 148,
		"numberOfBranches": 172,
		"numberOfCriticalInstructions": {
			"CALL": 2,
			"CALLCODE": 1
		}
	},
	{
		"file": "0x1f88b2ef9ea3b29c90f559e645fc8cc2dc6f5b27.sol",
		"name": "GoMoney",
		"weaknesses": [
			""
		],
		"link": "",
		"numberOfBlocks": 186,
		"numberOfBranches": 218,
		"numberOfCriticalInstructions": {
			"CALL": 1,
			"CALLCODE": 1
		}
	},
	{
		"file": "0x98b4ca8bd52e4ed1f28d3f30d9f567d1166c9483.sol",
		"name": "iFish",
		"weaknesses": [
			""
		],
		"link": "",
		"numberOfBlocks": 194,
		"numberOfBranches": 237,
		"numberOfCriticalInstructions": {
			"CALL": 1
		}
	},
	{
		"file": "0x6ba6f2207e343923ba692e5cae646fb0f566db8d.sol",
		"name": "CryptoPunks",
		"weaknesses": [
			""
		],
		"link": "",
		"numberOfBlocks": 168,
		"numberOfBranches": 198,
		"numberOfCriticalInstructions": {
			"CALL": 1
		}
	},
	{
		"file": "0xf2956001f8cf0ff7ec7742a32f2040c81c65d4f2.sol",
		"name": "GSTT",
		"weaknesses": [
			""
		],
		"link": "",
		"numberOfBlocks": 230,
		"numberOfBranches": 270,
		"numberOfCriticalInstructions": {
			"CALL": 1,
			"CALLCODE": 1
		}
	},
	{
		"file": "0xa3646828ae28cefcfc175efa88ecaa72e5b48cf1.sol",
		"name": "DENtoken",
		"weaknesses": [
			""
		],
		"link": "",
		"numberOfBlocks": 266,
		"numberOfBranches": 349,
		"numberOfCriticalInstructions": {
			"CALL": 3,
			"CALLCODE": 1,
			"DELEGATECALL": 1
		}
	},
	{
		"file": "0xe1fd7cb1a330c48cc0a09d31f0786b61bfc43f71.sol",
		"name": "ABOToken",
		"weaknesses": [
			""
		],
		"link": "",
		"numberOfBlocks": 205,
		"numberOfBranches": 247,
		"numberOfCriticalInstructions": {
			"CALL": 1,
			"CALLCODE": 1
		}
	},
	{
		"file": "0xf2bb016e8c9c8975654dcd62f318323a8a79d48e.sol",
		"name": "TrueTogetherToken",
		"weaknesses": [
			""
		],
		"link": "",
		"numberOfBlocks": 232,
		"numberOfBranches": 290,
		"numberOfCriticalInstructions": {
			"CALL": 1,
			"CALLCODE": 1,
			"SELFDESTRUCT": 1
		}
	},
	{
		"file": "0xf239fab41de78533fa974b74d7605f1e68f8772e.sol",
		"name": "CPSTestToken1",
		"weaknesses": [
			""
		],
		"link": "",
		"numberOfBlocks": 286,
		"numberOfBranches": 396,
		"numberOfCriticalInstructions": {
			"CALL": 4
		}
	},
	{
		"file": "0x0e12bcbd1300f3e04205ad947fe154f7118e467b.sol",
		"name": "CustomToken",
		"weaknesses": [
			""
		],
		"link": "",
		"numberOfBlocks": 319,
		"numberOfBranches": 390,
		"numberOfCriticalInstructions": {}
	},
	{
		"file": "0xaa19961b6b858d9f18a115f25aa1d98abc1fdba8.sol",
		"name": "LCS",
		"weaknesses": [
			""
		],
		"link": "",
		"numberOfBlocks": 238,
		"numberOfBranches": 282,
		"numberOfCriticalInstructions": {
			"CALL": 5
		}
	},
	{
		"file": "0x6851a80b7655e36e1f04e383b5946dafe9c63ab2.sol",
		"name": "LotteryFactory",
		"weaknesses": [
			""
		],
		"link": "",
		"numberOfBlocks": 358,
		"numberOfBranches": 494,
		"numberOfCriticalInstructions": {
			"CALL": 5
		}
	},
	{
		"file": "0xf9918ce795c6cdea4875a906512bbc15a7d61abd.sol",
		"name": "WGP",
		"weaknesses": [
			""
		],
		"link": "",
		"numberOfBlocks": 274,
		"numberOfBranches": 319,
		"numberOfCriticalInstructions": {
			"CALL": 2,
			"CALLCODE": 1
		}
	},
	{
		"file": "0xdf4703c56d1497a33c3fe75c2ee4ba02515778e9.sol",
		"name": "EtopayNetwork",
		"weaknesses": [
			""
		],
		"link": "",
		"numberOfBlocks": 266,
		"numberOfBranches": 349,
		"numberOfCriticalInstructions": {
			"CALL": 3,
			"CALLCODE": 1
		}
	},
	{
		"file": "0xb22be3c9fef880ee58155cd402b67ce6d7b45504.sol",
		"name": "DXG",
		"weaknesses": [
			""
		],
		"link": "",
		"numberOfBlocks": 240,
		"numberOfBranches": 315,
		"numberOfCriticalInstructions": {
			"CALL": 1,
			"CALLCODE": 1
		}
	},
	{
		"file": "0x8b40761142b9aa6dc8964e61d0585995425c3d94.sol",
		"name": "TripioToken",
		"weaknesses": [
			""
		],
		"link": "",
		"numberOfBlocks": 176,
		"numberOfBranches": 210,
		"numberOfCriticalInstructions": {}
	},
	{
		"file": "0xc45ba8f03ac63e4505ac5eed4985fb4e5e94383a.sol",
		"name": "HyperTechnology",
		"weaknesses": [
			""
		],
		"link": "",
		"numberOfBlocks": 284,
		"numberOfBranches": 375,
		"numberOfCriticalInstructions": {
			"CALL": 3,
			"CALLCODE": 1
		}
	},
	{
		"file": "0xa15c7ebe1f07caf6bff097d8a589fb8ac49ae5b3.sol",
		"name": "NPXSToken",
		"weaknesses": [
			""
		],
		"link": "",
		"numberOfBlocks": 239,
		"numberOfBranches": 289,
		"numberOfCriticalInstructions": {
			"CALL": 2,
			"CALLCODE": 1
		}
	},
	{
		"file": "0x7b09fb91ed7015b99db9e9ac10a2dd38ac0c85e1.sol",
		"name": "GiftToken",
		"weaknesses": [
			""
		],
		"link": "",
		"numberOfBlocks": 213,
		"numberOfBranches": 250,
		"numberOfCriticalInstructions": {
			"CALL": 4
		}
	},
	{
		"file": "0xee4458e052b533b1aabd493b5f8c4d85d7b263dc.sol",
		"name": "Pass1",
		"weaknesses": [
			""
		],
		"link": "",
		"numberOfBlocks": 328,
		"numberOfBranches": 392,
		"numberOfCriticalInstructions": {
			"CALL": 1
		}
	},
	{
		"file": "0x1d18f44256a27862d886e27191d55ab4029172c1.sol",
		"name": "FAS",
		"weaknesses": [
			""
		],
		"link": "",
		"numberOfBlocks": 240,
		"numberOfBranches": 286,
		"numberOfCriticalInstructions": {
			"CALL": 2,
			"CALLCODE": 1
		}
	},
	{
		"file": "0xd01534f4564234a4579b1bc1f3413873b7b3d9d7.sol",
		"name": "ATCPLUS",
		"weaknesses": [
			""
		],
		"link": "",
		"numberOfBlocks": 214,
		"numberOfBranches": 270,
		"numberOfCriticalInstructions": {
			"CALL": 1,
			"CALLCODE": 1
		}
	},
	{
		"file": "0x4290563c2d7c255b5eec87f2d3bd10389f991d68.sol",
		"name": "UnlimitedIPToken",
		"weaknesses": [
			""
		],
		"link": "",
		"numberOfBlocks": 271,
		"numberOfBranches": 314,
		"numberOfCriticalInstructions": {
			"CALL": 2
		}
	},
	{
		"file": "0x13f1b7fdfbe1fc66676d56483e21b1ecb40b58e2.sol",
		"name": "Accelerator",
		"weaknesses": [
			""
		],
		"link": "",
		"numberOfBlocks": 265,
		"numberOfBranches": 352,
		"numberOfCriticalInstructions": {}
	},
	{
		"file": "0x767588059265d2a243445dd3f23db37b96018dd5.sol",
		"name": "PrimebankCoin",
		"weaknesses": [
			""
		],
		"link": "",
		"numberOfBlocks": 311,
		"numberOfBranches": 366,
		"numberOfCriticalInstructions": {
			"CALL": 4,
			"CALLCODE": 1
		}
	},
	{
		"file": "0x3f5fa71ea48ae374faae502afa2e27715484c3b7.sol",
		"name": "ethairdrop",
		"weaknesses": [
			""
		],
		"link": "",
		"numberOfBlocks": 235,
		"numberOfBranches": 333,
		"numberOfCriticalInstructions": {
			"CALL": 6
		}
	},
	{
		"file": "0xfc0d912896ea2cadfc49735f8c564809ebec593e.sol",
		"name": "AirBnbChain",
		"weaknesses": [
			""
		],
		"link": "",
		"numberOfBlocks": 245,
		"numberOfBranches": 287,
		"numberOfCriticalInstructions": {
			"CALL": 5
		}
	},
	{
		"file": "0x5d48aca3954d288a5fea9fc374ac48a5dbf5fa6d.sol",
		"name": "EarnEnoughMoney",
		"weaknesses": [
			""
		],
		"link": "",
		"numberOfBlocks": 330,
		"numberOfBranches": 393,
		"numberOfCriticalInstructions": {
			"CALL": 5,
			"CALLCODE": 1,
			"DELEGATECALL": 1
		}
	},
	{
		"file": "0x08b67e38b4ecc788eb0cfbab72074c374ecddbf3.sol",
		"name": "Bitlike",
		"weaknesses": [
			""
		],
		"link": "",
		"numberOfBlocks": 268,
		"numberOfBranches": 314,
		"numberOfCriticalInstructions": {
			"CALL": 4
		}
	},
	{
		"file": "0x4cf488387f035ff08c371515562cba712f9015d4.sol",
		"name": "WPR",
		"weaknesses": [
			""
		],
		"link": "",
		"numberOfBlocks": 203,
		"numberOfBranches": 235,
		"numberOfCriticalInstructions": {
			"CALL": 3,
			"CALLCODE": 1
		}
	},
	{
		"file": "0x57c8d5d5b87a1580fdaf996cef674bb0d7f14c98.sol",
		"name": "OdinToken",
		"weaknesses": [
			""
		],
		"link": "",
		"numberOfBlocks": 422,
		"numberOfBranches": 561,
		"numberOfCriticalInstructions": {
			"CALL": 2,
			"CALLCODE": 1
		}
	},
	{
		"file": "0x9e96604445ec19ffed9a5e8dd7b50a29c899a10c.sol",
		"name": "COSSToken",
		"weaknesses": [
			""
		],
		"link": "",
		"numberOfBlocks": 269,
		"numberOfBranches": 327,
		"numberOfCriticalInstructions": {
			"CALL": 4
		}
	},
	{
		"file": "0xd1ceeeefa68a6af0a5f6046132d986066c7f9426.sol",
		"name": "Dice2Win",
		"weaknesses": [
			""
		],
		"link": "",
		"numberOfBlocks": 220,
		"numberOfBranches": 261,
		"numberOfCriticalInstructions": {
			"CALL": 2,
			"SELFDESTRUCT": 1
		}
	},
	{
		"file": "0x07a58629aaf3e1a0d07d8f43114b76bd5eee3b91.sol",
		"name": "insChainToken",
		"weaknesses": [
			""
		],
		"link": "",
		"numberOfBlocks": 204,
		"numberOfBranches": 240,
		"numberOfCriticalInstructions": {
			"CALL": 1
		}
	},
	{
		"file": "0xd4e26b4e8e9881e8905315aba189b694f2307757.sol",
		"name": "Kotlind",
		"weaknesses": [
			""
		],
		"link": "",
		"numberOfBlocks": 196,
		"numberOfBranches": 226,
		"numberOfCriticalInstructions": {
			"CALL": 2,
			"CALLCODE": 1
		}
	},
	{
		"file": "0x89cf87c35e69a9b84f7a3e50eaf54bfc3cabc377.sol",
		"name": "GetPaidToken",
		"weaknesses": [
			""
		],
		"link": "",
		"numberOfBlocks": 350,
		"numberOfBranches": 482,
		"numberOfCriticalInstructions": {
			"CALL": 5,
			"CALLCODE": 1
		}
	},
	{
		"file": "0xa5b46ff9a887180c8fb2d97146398ddfc5fef1cd.sol",
		"name": "SuperSkyNet",
		"weaknesses": [
			""
		],
		"link": "",
		"numberOfBlocks": 213,
		"numberOfBranches": 250,
		"numberOfCriticalInstructions": {
			"CALL": 4
		}
	},
	{
		"file": "0x31f3d9d1bece0c033ff78fa6da60a6048f3e13c5.sol",
		"name": "EBCoinToken",
		"weaknesses": [
			""
		],
		"link": "",
		"numberOfBlocks": 188,
		"numberOfBranches": 220,
		"numberOfCriticalInstructions": {
			"CALLCODE": 1
		}
	},
	{
		"file": "0x813b428af3920226e059b68a62e4c04933d4ea7a.sol",
		"name": "DATP",
		"weaknesses": [
			""
		],
		"link": "",
		"numberOfBlocks": 339,
		"numberOfBranches": 424,
		"numberOfCriticalInstructions": {
			"CALL": 6,
			"CALLCODE": 1,
			"DELEGATECALL": 1
		}
	},
	{
		"file": "0x2e98a6804e4b6c832ed0ca876a943abd3400b224.sol",
		"name": "Bela",
		"weaknesses": [
			""
		],
		"link": "",
		"numberOfBlocks": 238,
		"numberOfBranches": 457,
		"numberOfCriticalInstructions": {
			"CALL": 1
		}
	},
	{
		"file": "0x808508acb3f5f9aef7950375bedb8f001cccab77.sol",
		"name": "LittlePhilCoin",
		"weaknesses": [
			""
		],
		"link": "",
		"numberOfBlocks": 191,
		"numberOfBranches": 224,
		"numberOfCriticalInstructions": {}
	},
	{
		"file": "0xf1ec455e3ea962dc2840138ba5780a3853a8fc6d.sol",
		"name": "BBosToken",
		"weaknesses": [
			""
		],
		"link": "",
		"numberOfBlocks": 197,
		"numberOfBranches": 231,
		"numberOfCriticalInstructions": {}
	},
	{
		"file": "0x9c0dc78196cccaf238607a1209e259a7dbdd2c30.sol",
		"name": "BitDATAToken",
		"weaknesses": [
			""
		],
		"link": "",
		"numberOfBlocks": 191,
		"numberOfBranches": 227,
		"numberOfCriticalInstructions": {
			"CALL": 1,
			"CALLCODE": 1
		}
	},
	{
		"file": "0x8b0b3526b414ed5019049326544c07725a30da92.sol",
		"name": "Aeronia",
		"weaknesses": [
			""
		],
		"link": "",
		"numberOfBlocks": 213,
		"numberOfBranches": 250,
		"numberOfCriticalInstructions": {
			"CALL": 4
		}
	},
	{
		"file": "0xe7d3e4413e29ae35b0893140f4500965c74365e5.sol",
		"name": "B2BCoinContract",
		"weaknesses": [
			""
		],
		"link": "",
		"numberOfBlocks": 203,
		"numberOfBranches": 243,
		"numberOfCriticalInstructions": {
			"CALL": 3,
			"CALLCODE": 1,
			"SELFDESTRUCT": 2
		}
	},
	{
		"file": "0xbd73e675e1fa3d60a302c797df5c82e558da7ce1.sol",
		"name": "PantheonEcoSystem",
		"weaknesses": [
			""
		],
		"link": "",
		"numberOfBlocks": 309,
		"numberOfBranches": 753,
		"numberOfCriticalInstructions": {
			"CALL": 1
		}
	},
	{
		"file": "0x792e0fc822ac6ff5531e46425f13540f1f68a7a8.sol",
		"name": "CoinHot",
		"weaknesses": [
			""
		],
		"link": "",
		"numberOfBlocks": 332,
		"numberOfBranches": 536,
		"numberOfCriticalInstructions": {
			"DELEGATECALL": 1
		}
	},
	{
		"file": "0xbf8be431aa8d8b2f58b6f0727c25a67b41beaaf8.sol",
		"name": "ElamaCoinToken",
		"weaknesses": [
			""
		],
		"link": "",
		"numberOfBlocks": 332,
		"numberOfBranches": 392,
		"numberOfCriticalInstructions": {
			"CALL": 6,
			"CALLCODE": 1
		}
	},
	{
		"file": "0x0dba7ca3d25f8c2f46d9b06ba7b1b3144e206f38.sol",
		"name": "BFTToken",
		"weaknesses": [
			""
		],
		"link": "",
		"numberOfBlocks": 319,
		"numberOfBranches": 378,
		"numberOfCriticalInstructions": {
			"CALL": 5,
			"DELEGATECALL": 1
		}
	},
	{
		"file": "0x8fe19c447821b4cdcdd5012bca1b5469ca96d80d.sol",
		"name": "ETToken",
		"weaknesses": [
			""
		],
		"link": "",
		"numberOfBlocks": 257,
		"numberOfBranches": 306,
		"numberOfCriticalInstructions": {
			"CALL": 4,
			"CALLCODE": 1
		}
	},
	{
		"file": "0xe30a76ec9168639f09061e602924ae601d341066.sol",
		"name": "NewIntelTechMedia",
		"weaknesses": [
			""
		],
		"link": "",
		"numberOfBlocks": 218,
		"numberOfBranches": 256,
		"numberOfCriticalInstructions": {
			"CALL": 4,
			"SELFDESTRUCT": 1
		}
	},
	{
		"file": "0x7c84e62859d0715eb77d1b1c4154ecd6abb21bec.sol",
		"name": "ShpingCoin",
		"weaknesses": [
			""
		],
		"link": "",
		"numberOfBlocks": 248,
		"numberOfBranches": 291,
		"numberOfCriticalInstructions": {}
	},
	{
		"file": "0x217fdc3f4f5061bf75a0c1c8515c8330926277da.sol",
		"name": "BFC",
		"weaknesses": [
			""
		],
		"link": "",
		"numberOfBlocks": 203,
		"numberOfBranches": 242,
		"numberOfCriticalInstructions": {
			"CALL": 3,
			"CALLCODE": 1
		}
	},
	{
		"file": "0x0651842ee1f973367138cd512709d81bf8a62217.sol",
		"name": "TrackChain",
		"weaknesses": [
			""
		],
		"link": "",
		"numberOfBlocks": 306,
		"numberOfBranches": 360,
		"numberOfCriticalInstructions": {
			"CALL": 4
		}
	},
	{
		"file": "0x399934a1b63154c825e518c68b7da2147d6cb0c9.sol",
		"name": "SmartSocialProtocol",
		"weaknesses": [
			""
		],
		"link": "",
		"numberOfBlocks": 341,
		"numberOfBranches": 423,
		"numberOfCriticalInstructions": {
			"CALL": 7,
			"CALLCODE": 1
		}
	},
	{
		"file": "0x3cc83c2400e00a54fa1e588d62bc28bf15d5def5.sol",
		"name": "OPTCToken",
		"weaknesses": [
			""
		],
		"link": "",
		"numberOfBlocks": 215,
		"numberOfBranches": 250,
		"numberOfCriticalInstructions": {}
	},
	{
		"file": "0x2ba94c2fbb89e3b631629f38ebf1d888c1825ab3.sol",
		"name": "KUYCToken",
		"weaknesses": [
			""
		],
		"link": "",
		"numberOfBlocks": 193,
		"numberOfBranches": 231,
		"numberOfCriticalInstructions": {}
	},
	{
		"file": "0x4e53ff445f80b349ca6af3dd735c5f07a7c8927a.sol",
		"name": "ExtraBoxCash",
		"weaknesses": [
			""
		],
		"link": "",
		"numberOfBlocks": 213,
		"numberOfBranches": 250,
		"numberOfCriticalInstructions": {
			"CALL": 4
		}
	},
	{
		"file": "0xf966bc1e1ab786830fd98a3f8f978940f8e5c13e.sol",
		"name": "Hearts",
		"weaknesses": [
			""
		],
		"link": "",
		"numberOfBlocks": 287,
		"numberOfBranches": 330,
		"numberOfCriticalInstructions": {
			"CALL": 3,
			"CALLCODE": 1
		}
	},
	{
		"file": "0x7d8b9f24320dab5369144eb46927667f4a58dc49.sol",
		"name": "NRCToken",
		"weaknesses": [
			""
		],
		"link": "",
		"numberOfBlocks": 320,
		"numberOfBranches": 438,
		"numberOfCriticalInstructions": {
			"CALL": 1
		}
	},
	{
		"file": "0x5b135d7e2774c801a73208f258123d7623e07784.sol",
		"name": "SaifuToken",
		"weaknesses": [
			""
		],
		"link": "",
		"numberOfBlocks": 303,
		"numberOfBranches": 365,
		"numberOfCriticalInstructions": {
			"CALL": 4,
			"CALLCODE": 2,
			"DELEGATECALL": 1
		}
	},
	{
		"file": "0x8c15ef5b4b21951d50e53e4fbda8298ffad25057.sol",
		"name": "FunctionXToken",
		"weaknesses": [
			""
		],
		"link": "",
		"numberOfBlocks": 260,
		"numberOfBranches": 313,
		"numberOfCriticalInstructions": {
			"CALL": 4,
			"CALLCODE": 1
		}
	},
	{
		"file": "0xf1def7f0e620f39531eb352fe13da6825218e7df.sol",
		"name": "BITDINERO",
		"weaknesses": [
			""
		],
		"link": "",
		"numberOfBlocks": 213,
		"numberOfBranches": 250,
		"numberOfCriticalInstructions": {
			"CALL": 4,
			"SELFDESTRUCT": 1
		}
	},
	{
		"file": "0x7c5a0ce9267ed19b22f8cae653f198e3e8daf098.sol",
		"name": "SAN",
		"weaknesses": [
			""
		],
		"link": "",
		"numberOfBlocks": 264,
		"numberOfBranches": 308,
		"numberOfCriticalInstructions": {
			"CALL": 1
		}
	},
	{
		"file": "0x9f0f1be08591ab7d990faf910b38ed5d60e4d5bf.sol",
		"name": "MainCoin",
		"weaknesses": [
			""
		],
		"link": "",
		"numberOfBlocks": 232,
		"numberOfBranches": 287,
		"numberOfCriticalInstructions": {
			"SELFDESTRUCT": 1
		}
	},
	{
		"file": "0x6aeb95f06cda84ca345c2de0f3b7f96923a44f4c.sol",
		"name": "BerryToken",
		"weaknesses": [
			""
		],
		"link": "",
		"numberOfBlocks": 224,
		"numberOfBranches": 268,
		"numberOfCriticalInstructions": {
			"CALL": 2
		}
	},
	{
		"file": "0x4a8f44be523580a11cdb20e2c7c470adf44ec9bb.sol",
		"name": "BTMC",
		"weaknesses": [
			""
		],
		"link": "",
		"numberOfBlocks": 304,
		"numberOfBranches": 373,
		"numberOfCriticalInstructions": {
			"CALL": 1
		}
	},
	{
		"file": "0x5f53f7a8075614b699baad0bc2c899f4bad8fbbf.sol",
		"name": "Rebellious",
		"weaknesses": [
			""
		],
		"link": "",
		"numberOfBlocks": 289,
		"numberOfBranches": 392,
		"numberOfCriticalInstructions": {}
	},
	{
		"file": "0xfc79774fb9dedeea2325d0d5570554eddc4e6747.sol",
		"name": "VotePumpCoin0x",
		"weaknesses": [
			""
		],
		"link": "",
		"numberOfBlocks": 218,
		"numberOfBranches": 256,
		"numberOfCriticalInstructions": {
			"CALL": 4
		}
	},
	{
		"file": "0x5301eae39a4cba1cc2a74e861fded062ca3e3420.sol",
		"name": "Centaure",
		"weaknesses": [
			""
		],
		"link": "",
		"numberOfBlocks": 226,
		"numberOfBranches": 286,
		"numberOfCriticalInstructions": {
			"CALL": 2
		}
	},
	{
		"file": "0x5f6e7fb7fe92ea7822472bb0e8f1be60d6a4ea50.sol",
		"name": "Artemine",
		"weaknesses": [
			""
		],
		"link": "",
		"numberOfBlocks": 262,
		"numberOfBranches": 315,
		"numberOfCriticalInstructions": {
			"CALL": 2,
			"CALLCODE": 1,
			"SELFDESTRUCT": 1
		}
	},
	{
		"file": "0xcf9fbffec9e0e5bbc62e79bf1965f5db76955661.sol",
		"name": "MESH",
		"weaknesses": [
			""
		],
		"link": "",
		"numberOfBlocks": 227,
		"numberOfBranches": 268,
		"numberOfCriticalInstructions": {
			"CALL": 3,
			"CALLCODE": 1
		}
	},
	{
		"file": "0xe50365f5d679cb98a1dd62d6f6e58e59321bcddf.sol",
		"name": "LATToken",
		"weaknesses": [
			""
		],
		"link": "",
		"numberOfBlocks": 187,
		"numberOfBranches": 230,
		"numberOfCriticalInstructions": {
			"CALL": 2
		}
	},
	{
		"file": "0x35223bc965dbd91b41ddf1f540e8c7e475853551.sol",
		"name": "Airdrop",
		"weaknesses": [
			""
		],
		"link": "",
		"numberOfBlocks": 325,
		"numberOfBranches": 392,
		"numberOfCriticalInstructions": {
			"CALL": 8
		}
	},
	{
		"file": "0xa6446d655a0c34bc4f05042ee88170d056cbaf45.sol",
		"name": "CaspianToken",
		"weaknesses": [
			""
		],
		"link": "",
		"numberOfBlocks": 212,
		"numberOfBranches": 283,
		"numberOfCriticalInstructions": {}
	},
	{
		"file": "0x9d357d43d9733a1e59e5eb1432f2527e66e2cd43.sol",
		"name": "Dcm",
		"weaknesses": [
			""
		],
		"link": "",
		"numberOfBlocks": 167,
		"numberOfBranches": 200,
		"numberOfCriticalInstructions": {
			"CALL": 1,
			"CALLCODE": 1
		}
	},
	{
		"file": "0x9488d07660eb7466b0269f043a19d9b5dfc914cc.sol",
		"name": "KALCToken",
		"weaknesses": [
			""
		],
		"link": "",
		"numberOfBlocks": 209,
		"numberOfBranches": 252,
		"numberOfCriticalInstructions": {
			"SELFDESTRUCT": 1
		}
	},
	{
		"file": "0xe803267c5086252425befe8e1f9c4cec0ea3a952.sol",
		"name": "Talentum",
		"weaknesses": [
			""
		],
		"link": "",
		"numberOfBlocks": 223,
		"numberOfBranches": 272,
		"numberOfCriticalInstructions": {
			"CALL": 3,
			"CALLCODE": 1,
			"SELFDESTRUCT": 1
		}
	},
	{
		"file": "0x957c30ab0426e0c93cd8241e2c60392d08c6ac8e.sol",
		"name": "ModumToken",
		"weaknesses": [
			""
		],
		"link": "",
		"numberOfBlocks": 426,
		"numberOfBranches": 788,
		"numberOfCriticalInstructions": {
			"CALL": 1
		}
	},
	{
		"file": "0xfe4455fd433ed3ca025ec7c43cb8686ed89826cd.sol",
		"name": "MziGold",
		"weaknesses": [
			""
		],
		"link": "",
		"numberOfBlocks": 273,
		"numberOfBranches": 335,
		"numberOfCriticalInstructions": {
			"CALL": 1,
			"CALLCODE": 1
		}
	},
	{
		"file": "0x432555e5c898f83fc5f00df631bd9c2801fea289.sol",
		"name": "HUBRIS",
		"weaknesses": [
			""
		],
		"link": "",
		"numberOfBlocks": 215,
		"numberOfBranches": 244,
		"numberOfCriticalInstructions": {
			"CALL": 9
		}
	},
	{
		"file": "0x041fe8df8b4aaa868941eb877952f17babe57da5.sol",
		"name": "NYBCoin",
		"weaknesses": [
			""
		],
		"link": "",
		"numberOfBlocks": 306,
		"numberOfBranches": 360,
		"numberOfCriticalInstructions": {
			"CALL": 4
		}
	},
	{
		"file": "0xdf7d9630d5c43f2ece338843c019f050f72dcd79.sol",
		"name": "WeMediaChainToken",
		"weaknesses": [
			""
		],
		"link": "",
		"numberOfBlocks": 205,
		"numberOfBranches": 238,
		"numberOfCriticalInstructions": {}
	},
	{
		"file": "0xbded3f7537e75d6c38c036a3a788a549afde12b1.sol",
		"name": "DCS",
		"weaknesses": [
			""
		],
		"link": "",
		"numberOfBlocks": 341,
		"numberOfBranches": 423,
		"numberOfCriticalInstructions": {
			"CALL": 7,
			"CALLCODE": 1
		}
	},
	{
		"file": "0x953e22945b416730bad05009af05b420e598e412.sol",
		"name": "GXCToken",
		"weaknesses": [
			""
		],
		"link": "",
		"numberOfBlocks": 271,
		"numberOfBranches": 332,
		"numberOfCriticalInstructions": {}
	},
	{
		"file": "0xf1c9ee019ae6efbaac06d3c08b1cbaa59b1ecb48.sol",
		"name": "FairCasino",
		"weaknesses": [
			""
		],
		"link": "",
		"numberOfBlocks": 222,
		"numberOfBranches": 258,
		"numberOfCriticalInstructions": {
			"CALL": 2,
			"SELFDESTRUCT": 1
		}
	},
	{
		"file": "0x007ac2f589eb9d4fe1cea9f46b5f4f52dab73dd4.sol",
		"name": "SKWToken",
		"weaknesses": [
			""
		],
		"link": "",
		"numberOfBlocks": 208,
		"numberOfBranches": 288,
		"numberOfCriticalInstructions": {}
	},
	{
		"file": "0xb2e260f12406c401874ecc960893c0f74cd6afcd.sol",
		"name": "BitUPToken",
		"weaknesses": [
			""
		],
		"link": "",
		"numberOfBlocks": 265,
		"numberOfBranches": 317,
		"numberOfCriticalInstructions": {
			"CALL": 1,
			"CALLCODE": 1
		}
	},
	{
		"file": "0xaf2dc9d375d3de6535d8c8aa2096371b8d5df8fd.sol",
		"name": "Mintloot",
		"weaknesses": [
			""
		],
		"link": "",
		"numberOfBlocks": 213,
		"numberOfBranches": 250,
		"numberOfCriticalInstructions": {
			"CALL": 4
		}
	},
	{
		"file": "0xa146240bf2c04005a743032dc0d241ec0bb2ba2b.sol",
		"name": "POWM",
		"weaknesses": [
			""
		],
		"link": "",
		"numberOfBlocks": 343,
		"numberOfBranches": 505,
		"numberOfCriticalInstructions": {
			"CALL": 1
		}
	},
	{
		"file": "0x65292eeadf1426cd2df1c4793a3d7519f253913b.sol",
		"name": "COSSToken",
		"weaknesses": [
			""
		],
		"link": "",
		"numberOfBlocks": 188,
		"numberOfBranches": 234,
		"numberOfCriticalInstructions": {}
	},
	{
		"file": "0x04de23e912cec433eabf3260ecc71cfd1f9d328f.sol",
		"name": "BITCOINIMPROVE",
		"weaknesses": [
			""
		],
		"link": "",
		"numberOfBlocks": 215,
		"numberOfBranches": 271,
		"numberOfCriticalInstructions": {
			"CALL": 1,
			"CALLCODE": 1
		}
	},
	{
		"file": "0x029606e5ec44cad1346d6a1273a53b971fa93ad6.sol",
		"name": "EMPRO",
		"weaknesses": [
			""
		],
		"link": "",
		"numberOfBlocks": 199,
		"numberOfBranches": 231,
		"numberOfCriticalInstructions": {
			"CALL": 2,
			"CALLCODE": 1,
			"SELFDESTRUCT": 1
		}
	},
	{
		"file": "0x0778cc2e8bbad3d483e82371606d100cc8604522.sol",
		"name": "MintableToken",
		"weaknesses": [
			""
		],
		"link": "",
		"numberOfBlocks": 208,
		"numberOfBranches": 248,
		"numberOfCriticalInstructions": {}
	},
	{
		"file": "0xd850942ef8811f2a866692a623011bde52a462c1.sol",
		"name": "VEN",
		"weaknesses": [
			""
		],
		"link": "",
		"numberOfBlocks": 195,
		"numberOfBranches": 250,
		"numberOfCriticalInstructions": {
			"CALL": 2,
			"CALLCODE": 1
		}
	},
	{
		"file": "0x41cd7bbab5758b3b675281f3ead24e666f2b1f0e.sol",
		"name": "DailyDivs",
		"weaknesses": [
			""
		],
		"link": "",
		"numberOfBlocks": 442,
		"numberOfBranches": 752,
		"numberOfCriticalInstructions": {
			"CALL": 3
		}
	},
	{
		"file": "0xdf2c7238198ad8b389666574f2d8bc411a4b7428.sol",
		"name": "MainframeToken",
		"weaknesses": [
			""
		],
		"link": "",
		"numberOfBlocks": 209,
		"numberOfBranches": 245,
		"numberOfCriticalInstructions": {
			"CALL": 1
		}
	},
	{
		"file": "0x0f8c45b896784a1e408526b9300519ef8660209c.sol",
		"name": "XmxToken",
		"weaknesses": [
			""
		],
		"link": "",
		"numberOfBlocks": 172,
		"numberOfBranches": 204,
		"numberOfCriticalInstructions": {}
	},
	{
		"file": "0x7d3b3b1aef60bf891bc2ad3c202f791707f0645c.sol",
		"name": "SOS",
		"weaknesses": [
			""
		],
		"link": "",
		"numberOfBlocks": 213,
		"numberOfBranches": 250,
		"numberOfCriticalInstructions": {
			"CALL": 4
		}
	}
]
