B0xProxy.sol,delegatecall_dangerous,https://ropsten.etherscan.io/address/0x32dd9802b83aec762a38e0d3738549bfe5660b30,
CBToken.sol,CBToken,delegatecall_dangerous,https://etherscan.io/token/0x8aaefb9d925b3a39595c26290a9d115f9c46dfab,
Ciphs.sol,Ciphs,delegatecall_dangerous,https://etherscan.io/token/0xa4ff5ce0556f9ff0797ae525ec5ba9b723878a3e,
CvcProxy.sol,CvcProxy,delegatecall_dangerous,https://etherscan.io/address/0xA3dB33ccFE990Fdf89Ff311754391b5c3AF4Ef04,
DSProxy.sol,DSProxy,delegatecall_dangerous,https://etherscan.io/address/0xa81cfa2c7e31cfae91bac723c8b70e6d31940bc0,
FNBToken.sol,FNBToken,delegatecall_dangerous,https://etherscan.io/token/0x47b28f365bf4cb38db4b6356864bde7bc4b35129,
KnowledgeProxy.sol,KnowledgeProxy,delegatecall_dangerous,https://etherscan.io/token/0x217375af2de10c73f94408c3258a956df106ba98,
LANDProxy.sol,LANDProxy,delegatecall_dangerous,https://etherscan.io/address/0x36fc2821c1dba31ed04682b2277c89f33fd885b7,
MultiEventsHistory.sol,MultiEventsHistory,delegatecall_dangerous,https://etherscan.io/address/0x24384c4626eb895c99ea4225af309ad22a75be2f,
MultiSigStub.sol,MultiSigStub,delegatecall_dangerous,https://etherscan.io/address/0x78fb1c9c203d1f3d0ea421a7bdaf61ae6d9b5a52,
Parsec.sol,Parsec,delegatecall_dangerous,https://etherscan.io/token/0x9caa3424cb91900ef7ac41a7b04a246304c02d3a,
RiskSharingToken.sol,RiskSharingToken,delegatecall_dangerous,https://etherscan.io/address/0xa17d1bf14802e0eec8f84b3b8b638a9402d60e9e,
TransferReg.sol,TransferReg,delegatecall_dangerous,https://etherscan.io/address/0x62d5c4a317b93085697cfb1c775be4398df0678c,
UserWallet.sol,UserWallet,delegatecall_dangerous,https://etherscan.io/address/0x8f7295f03e572d15f183dc6b7a4f21124c73f3f6,
WyvernDAOProxy.sol,WyvernDAOProxy,delegatecall_dangerous,https://etherscan.io/address/wyverndaoproxy.eth,
BigRisk.sol,BigRisk,exception_disorder;gasless_send,
Caller.sol,Caller,exception_disorder,
ChargCoinContract.sol,ChargCoinContract,exception_disorder;timedependency,
CreditDepositBank.sol,CreditDepositBank,exception_disorder;gasless_send,
CrowdSalePreICO.sol,CrowdSalePreICO,exception_disorder,
DepositBank.sol,DepositBank,exception_disorder;timedependency,
EDProxy.sol,EDProxy,exception_disorder,
Ethsplit.sol,Ethsplit,exception_disorder,
HelpMeSave.sol,HelpMeSave,exception_disorder,
Honey.sol,Honey,exception_disorder,
IPchainStandardToken.sol,IPchainStandardToken,exception_disorder,
MillionEther.sol,MillionEther,exception_disorder,
MultiplicatorX4.sol,MultiplicatorX4,exception_disorder,
NexxusToken.sol,NexxusToken,exception_disorder,
Pie.sol,Pie,exception_disorder,
PrayerCoin.sol,PrayerCoin,exception_disorder,
RaisingToken.sol,RaisingToken,exception_disorder,
Reward.sol,Reward,exception_disorder,
SafeConditionalHFTransfer.sol,SafeConditionalHFTransfer,exception_disorder;gasless_send,
Soleau.sol,Soleau,exception_disorder;gasless_send,
Store.sol,Store,exception_disorder,
TokenBank.sol,TokenBank,exception_disorder,
TranferInTwoPart.sol,TranferInTwoPart,exception_disorder,
WhaleGiveaway1.sol,WhaleGiveaway1,exception_disorder,
AFactory.sol,AFactory,freezing_ether,
Abt.sol,Abt,freezing_ether,
AnyContract.sol,AnyContract,freezing_ether,
Apuestas2018.sol,Apuestas2018,freezing_ether,
Arss.sol,Arss,freezing_ether,
ArtBlockToken.sol,ArtBlockToken,freezing_ether,
AsaCoin.sol,AsaCoin,freezing_ether,
BAIC.sol,BAIC,freezing_ether,
BIAToken.sol,BIAToken,freezing_ether,
BJCToken.sol,BJCToken,freezing_ether,
BJLToken.sol,BJLToken,freezing_ether,
BRToken.sol,BRToken,freezing_ether,
BananaToken.sol,BananaToken,freezing_ether,
BetCenter.sol,BetCenter,freezing_ether,
Bitway.sol,Bitway,freezing_ether,
BurnableOpenPaymentFactory.sol,BurnableOpenPaymentFactory,freezing_ether,
BurnablePaymentFactory.sol,BurnablePaymentFactory,freezing_ether,
C2.sol,C2,freezing_ether,
CertifiedDocuments.sol,CertifiedDocuments,freezing_ether,
ConfToken.sol,ConfToken,freezing_ether,
DaoCasinoToken.sol,DaoCasinoToken,freezing_ether,
CryptoHole.sol,CryptoHole,freezing_ether,
D2GBToken.sol,D2GBToken,freezing_ether,
DEC15Contract.sol,DEC15Contract,freezing_ether,
DEC15v1Contract.sol,DEC15v1Contract,freezing_ether,
Diploma_landing_page.sol,Diploma_landing_page,freezing_ether,
ERC721_token.sol,ERC721_token,freezing_ether,
ERH.sol,ERH,freezing_ether,
ETHLightToken.sol,ETHLightToken,freezing_ether,
EscrowMyEtherEntityDB.sol,EscrowMyEtherEntityDB,freezing_ether,
EtherWhuffieManager.sol,EtherWhuffieManager,freezing_ether,
GGPCToken.sol,GGPCToken,freezing_ether,
HashRushICO.sol,HashRushICO,freezing_ether,
Hotc.sol,Hotc,freezing_ether,
InvitherB.sol,InvitherB,freezing_ether,
KryptoGiftsMessages.sol,KryptoGiftsMessages,freezing_ether,
LOVEFoundation.sol,LOVEFoundation,freezing_ether,
LaolaiManage.sol,LaolaiManage,freezing_ether,
LiteConnectToken.sol,LiteConnectToken,freezing_ether,
Luck.sol,Luck,freezing_ether,
MiCon.sol,MiCon,freezing_ether,
MinerEdgeToken.sol,MinerEdgeToken,freezing_ether,
MoyTokenStorage.sol,MoyTokenStorage,freezing_ether,
MyEtherTellerEntityDB.sol,MyEtherTellerEntityDB,freezing_ether,
MySuperToken.sol,MySuperToken,freezing_ether,
PARKToken.sol,PARKToken,freezing_ether,
REALotteryWheel.sol,REALotteryWheel,freezing_ether,
SGCC.sol,SGCC,freezing_ether,
Saaa.sol,Saaa,freezing_ether,
SaveData.sol,SaveData,freezing_ether,
SimpleMathTest003.sol,SimpleMathTest003,freezing_ether,
SoapBox.sol,SoapBox,freezing_ether,
SpecialWallet.sol,SpecialWallet,freezing_ether,
TIP.sol,TIP,freezing_ether,
TestQuery.sol,TestQuery,freezing_ether,
TestRegistry.sol,TestRegistry,freezing_ether,
TransferCoin.sol,TransferCoin,freezing_ether,
TransferMoney.sol,TransferMoney,freezing_ether,
VeganCoin.sol,VeganCoin,freezing_ether,
Xtime.sol,Xtime,freezing_ether,
epocum.sol,epocum,freezing_ether,
ggbank.sol,ggbank,freezing_ether,
message.sol,message,freezing_ether,
msgdata.sol,msgdata,freezing_ether,
payrollSystem.sol,payrollSystem,freezing_ether,
proforma.sol,proforma,freezing_ether,
testeot.sol,testeot,freezing_ether,
viewMessage.sol,viewMessage,freezing_ether,
viewMessageNumPayable.sol,viewMessageNumPayable,freezing_ether,
viewMessagePayable.sol,viewMessagePayable,freezing_ether,
whoDepositV3.sol,whoDepositV3,freezing_ether,
BetBuyer.sol,BetBuyer,gasless_send,https://etherscan.io/address/0x089431f295b58c17c0b1754be2e15d706e990151,
CryptoChamps.sol,CryptoChamps,gasless_send,
Dappster.sol,Dappster,gasless_send,https://etherscan.io/address/0x7f2b1d5133053f9cc5b750d2245db607233a770d,
EtherConsole.sol,EtherConsole,gasless_send,https://etherscan.io/token/0xCA6bEA8e144B0A6aEbBB412e6Ad0E7FF1959235E,
Etheramid.sol,Etheramid,gasless_send,
EthronTokenPonzi.sol,EthronTokenPonzi,gasless_send,https://etherscan.io/token/0xc608f567bcf51b0d84edef669b9d7d47440b7bb7,
Fermat.sol,Fermat,gasless_send,https://etherscan.io/address/0xdfab9f43f279bd8bd87026b84105c5d1543ae99e,
HFConditionalTransfer.sol,HFConditionalTransfer,gasless_send,
NumberBoard.sol,NumberBoard,gasless_send,https://etherscan.io/address/0x9249133819102b2ed31680468c8c67F6Fe9E7505,
AMBROSUSFund.sol,AMBROSUSFund,numberdependency,
APPToken.sol,APPToken,numberdependency,
AddressLotteryV2.sol,AddressLotteryV2,numberdependency,
Arena.sol,Arena,numberdependency,
AvPresale.sol,AvPresale,numberdependency,
BMPre_ICO.sol,BMPre_ICO,numberdependency,
Bagholder.sol,Bagholder,numberdependency;timedependency,
Bank_With_Interest.sol,Bank_With_Interest,numberdependency,
Best_Bank_with_Interest.sol,Best_Bank_with_Interest,numberdependency,
BlockHashRNGFallback.sol,BlockHashRNGFallback,numberdependency,https://etherscan.io/address/0x1738b62e403090666687243e758b1c29edffc90e,
Bob.sol,Bob,numberdependency,
Bombs.sol,Bombs,numberdependency;timedependency,
BrandContest.sol,BrandContest,numberdependency,
CHEXToken.sol,CHEXToken,numberdependency,
CSSPresale.sol,CSSPresale,numberdependency,
Coinflip.sol,Coinflip,numberdependency,
CompetitionStore.sol,CompetitionStore,numberdependency,
CrowdsaleTokens.sol,CrowdsaleTokens,numberdependency,https://etherscan.io/address/0x876359dcb1745073909cc810311ec3f119e8d5e8,
CryptoDuels.sol,CryptoDuels,numberdependency,
CryptoGoldStandardCoin.sol,CryptoGoldStandardCoin,numberdependency,
CryptoPoosToken.sol,CryptoPoosToken,numberdependency,
DIVXToken.sol,DIVXToken,numberdependency,
DecentralandBuyer.sol,DecentralandBuyer,numberdependency,
DeveryFUND.sol,DeveryFUND,numberdependency,
Dil.sol,Dil,numberdependency,
EmojisanAuctionHouse.sol,EmojisanAuctionHouse,numberdependency,
EmojisanMarketplace.sol,EmojisanMarketplace,numberdependency,
EtchReward.sol,EtchReward,numberdependency,
EthMash.sol,EthMash,numberdependency,
EthMashChain.sol,EthMashChain,numberdependency,
EthMashMount.sol,EthMashMount,numberdependency,
EthMashTower.sol,EthMashTower,numberdependency,
EtherTool.sol,EtherTool,numberdependency,
FidgETHSpinner.sol,FidgETHSpinner,numberdependency,
FipsNotary.sol,FipsNotary,numberdependency,
GPSPresale.sol,GPSPresale,numberdependency,
HashBet.sol,HashBet,numberdependency,
HodlBox.sol,HodlBox,numberdependency,
KeberuntunganAcak.sol,KeberuntunganAcak,numberdependency,
KiddyToys.sol,KiddyToys,numberdependency,https://etherscan.io/address/0x6d500e4B6565C3c25a6EDD51839d52269e3d293f,
LINKFund.sol,LINKFund,numberdependency,
LeanFund.sol,LeanFund,numberdependency,
MUSCToken.sol,MUSCToken,numberdependency,
MarketPrice.sol,MarketPrice,numberdependency,
Matthew.sol,Matthew,numberdependency,
MoacToken.sol,MoacToken,numberdependency,
NFTHouseGame.sol,NFTHouseGame,numberdependency,
NatCoinCrowdsale.sol,NatCoinCrowdsale,numberdependency,
OurRoulette.sol,OurRoulette,numberdependency,https://etherscan.io/address/0x30b0d22416075184b8111c0e033fe6f33e6b7996,
P2PFuturesTrading.sol,P2PFuturesTrading,numberdependency,
PIGGY_BANK.sol,PIGGY_BANK,numberdependency;reentrancy,
PreAdsMobileToken.sol,PreAdsMobileToken,numberdependency,
PreIcoCrowdsale.sol,PreIcoCrowdsale,numberdependency,
Profit1000.sol,Profit1000,numberdependency,
RandoCoin.sol,RandoCoin,numberdependency,
Remittance.sol,Remittance,numberdependency,
SCCsale.sol,SCCsale,numberdependency,
STRIMToken.sol,STRIMToken,numberdependency,
Sacrific3d.sol,Sacrific3d,numberdependency,
SaintArnouldToken.sol,SaintArnouldToken,numberdependency,
SatoshiDice.sol,SatoshiDice,numberdependency,https://etherscan.io/address/0x55283a2f07be1b95e1e417af7efaab6750fedd0d,
SingularityTest20.sol,SingularityTest20,numberdependency,
SmartBillions.sol,SmartBillions,numberdependency,
TheNextBlock.sol,TheNextBlock,numberdependency,
TheOneToken.sol,TheOneToken,numberdependency,
TrustBet.sol,TrustBet,numberdependency,
TwentyDollars.sol,TwentyDollars,numberdependency,
WolkToken.sol,WolkToken,numberdependency,https://etherscan.io/token/0x8a6aa2091c68287d4c37e486e89850fd0e79633f,
XCTCrowdSale.sol,XCTCrowdSale,numberdependency,
XG4KCrowdFunding.sol,XG4KCrowdFunding,numberdependency,
eth666.sol,eth666,numberdependency,
Forwarder.sol,Forwarder,reentrancy,
FunFairSale.sol,FunFairSale,reentrancy,
InkPublicPresale.sol,InkPublicPresale,reentrancy,
LZLCoin.sol,LZLCoin,reentrancy,
Payee.sol,Payee,reentrancy,
PowerCoin.sol,PowerCoin,reentrancy,
PrivateBank.sol,PrivateBank,reentrancy,
PrivateDeposit.sol,PrivateDeposit,reentrancy,
Private_Bank.sol,Private_Bank,reentrancy,
ProxyCreationAndExecute.sol,ProxyCreationAndExecute,reentrancy,
AcjCrowdsale.sol,AcjCrowdsale,timedependency,
AmbrosusSale.sol,AmbrosusSale,timedependency,
AngelCentralBank.sol,AngelCentralBank,timedependency,
AtomicSwap.sol,AtomicSwap,timedependency,
BBDExchange.sol,BBDExchange,timedependency,
BLOCKCHAIN_DEPOSIT_BETA.sol,BLOCKCHAIN_DEPOSIT_BETA,timedependency,
BRANDCOIN.sol,BRANDCOIN,timedependency,
BeatOrgTokenMainSale.sol,BeatOrgTokenMainSale,timedependency,
BetterAuction.sol,BetterAuction,timedependency,
BillPokerPreICO.sol,BillPokerPreICO,timedependency,
Billiontix.sol,Billiontix,timedependency,https://etherscan.io/token/0x096D7Ce60278E623C0B5763A0D04Fde844d2C537,
BitGallery.sol,BitGallery,timedependency,
BitkomSale.sol,BitkomSale,timedependency,
BizPyramid.sol,BizPyramid,timedependency,
BlockFoodPreSale.sol,BlockFoodPreSale,timedependency,
Bounty0xPresale.sol,Bounty0xPresale,timedependency,
BriskCoin.sol,BriskCoin,timedependency,
BsPresale.sol,BsPresale,timedependency,
CTCToken.sol,CTCToken,timedependency,
CTNTokenSale.sol,CTNTokenSale,timedependency,
CTV.sol,CTV,timedependency,
Cajutel.sol,Cajutel,timedependency,
CandySale.sol,CandySale,timedependency,
CashPokerProICO.sol,CashPokerProICO,timedependency,
CccTokenIco.sol,CccTokenIco,timedependency,
ChangeableRateCrowdsale.sol,ChangeableRateCrowdsale,timedependency,
ChrisCoin.sol,ChrisCoin,timedependency,
ChristmasClub.sol,ChristmasClub,timedependency,
ChronosCore.sol,ChronosCore,timedependency,
ClaimableCrowdsale.sol,ClaimableCrowdsale,timedependency,
CoinCrowdICO.sol,CoinCrowdICO,timedependency,
Countdown.sol,Countdown,timedependency,
CrowdSaleTRH.sol,CrowdSaleTRH,timedependency,
CrowdsalePre.sol,CrowdsalePre,timedependency,
CryptoCarsRent.sol,CryptoCarsRent,timedependency,
DEEX.sol,DEEX,timedependency,
DYLC_ERC20Token.sol,DYLC_ERC20Token,timedependency,
Dividend.sol,Dividend,timedependency,
DropletCrowdSale.sol,DropletCrowdSale,timedependency,
ECHO.sol,ECHO,timedependency,
ECT2Crowdsale2.sol,ECT2Crowdsale2,timedependency,
ElecSaleSmartContract.sol,ElecSaleSmartContract,timedependency,
ElectionsMarketSavingsBank.sol,ElectionsMarketSavingsBank,timedependency,https://etherscan.io/address/0x03cf94938696812a3615a98cdfcf82598ef30158,
EosPizzaSliceDonationraiser.sol,EosPizzaSliceDonationraiser,timedependency,
EternalWealth.sol,EternalWealth,timedependency,
EthBird.sol,EthBird,timedependency,
EthCapsule.sol,EthCapsule,timedependency,
EthTermDeposits.sol,EthTermDeposits,timedependency,
EtherGuess.sol,EtherGuess,timedependency,
EthereumHole.sol,EthereumHole,timedependency,
FabricTokenFundraiser.sol,FabricTokenFundraiser,timedependency,
ForecasterReward.sol,ForecasterReward,timedependency,
Freeze.sol,Freeze,timedependency,
Gelios.sol,Gelios,timedependency,
GraphenePowerToken.sol,GraphenePowerToken,timedependency,
HODLerParadise.sol,HODLerParadise,timedependency,
HYIP.sol,HYIP,timedependency,
HodlContract.sol,HodlContract,timedependency,
HodlerInvestmentClub.sol,HodlerInvestmentClub,timedependency,
HolyCoin.sol,HolyCoin,timedependency,
IAHCToken.sol,IAHCToken,timedependency,
IQNCrowdsale.sol,IQNCrowdsale,timedependency,
IQNSecondPreICO.sol,IQNSecondPreICO,timedependency,
IndaHashToken.sol,IndaHashToken,timedependency,
IntermediateVault.sol,IntermediateVault,timedependency,
IungoPresale.sol,IungoPresale,timedependency,
JobeumPresale.sol,JobeumPresale,timedependency,
JoysoCrowdsale.sol,JoysoCrowdsale,timedependency,
Lescovex.sol,Lescovex,timedependency,
ListingsERC20.sol,ListingsERC20,timedependency,
LitmusCrowdsale.sol,LitmusCrowdsale,timedependency,
Loan.sol,Loan,timedependency,
LudumToken.sol,LudumToken,timedependency,
LympoICO.sol,LympoICO,timedependency,
MallcoinCrowdSale.sol,MallcoinCrowdSale,timedependency,
MarchMadness.sol,MarchMadness,timedependency,
MidnightCoin.sol,MidnightCoin,timedependency,
NYX.sol,NYX,timedependency,
NYXAccount.sol,NYXAccount,timedependency,
NewCratePreSale.sol,NewCratePreSale,timedependency,
OZRealestatesToken.sol,OZRealestatesToken,timedependency,
ObizcoinCrowdsale.sol,ObizcoinCrowdsale,timedependency,
PotPotato.sol,PotPotato,timedependency,
PreTGE.sol,PreTGE,timedependency,
Protocol108.sol,Protocol108,timedependency,
ProvidencePresale.sol,ProvidencePresale,timedependency,
QuasacoinTokenCrowdsale.sol,QuasacoinTokenCrowdsale,timedependency,
RENTCoin.sol,RENTCoin,timedependency,
RaffleStrangeLoop.sol,RaffleStrangeLoop,timedependency,
RaiseFundsForACause.sol,RaiseFundsForACause,timedependency,
RichestTakeAll.sol,RichestTakeAll,timedependency,
SimpleAuction.sol,SimpleAuction,timedependency,
SnovCrowdsale.sol,SnovCrowdsale,timedependency,
SpaceICOToken.sol,SpaceICOToken,timedependency,
SpanCoin.sol,SpanCoin,timedependency,
TUStoken.sol,TUStoken,timedependency,
TimeCapsuleEvent.sol,TimeCapsuleEvent,timedependency,
TopKing.sol,TopKing,timedependency,
TrumpFullTermToken.sol,TrumpFullTermToken,timedependency,
TulipMania.sol,TulipMania,timedependency,
VZTPresale.sol,VZTPresale,timedependency,
WaterCrowdsale.sol,WaterCrowdsale,timedependency,
Who.sol,Who,timedependency,
XgoldCrowdsale.sol,XgoldCrowdsale,timedependency,
XmasCoinCrowdsale.sol,XmasCoinCrowdsale,timedependency,
